"id","help_text","code","field_type","description","parent_id/id","required","report_id/id"
"joppd_A","","A","view","STRANA A","","False","joppd"
"__export__.l10n_hr_report_line_2","","dan","","IZVJEŠĆE o primicima, porezu na dohodak i prirezu te doprinosima za obvezna osiguranja na dan ","joppd_A","False","joppd-a"
"joppd-a_I","Upisuje se oznaka izvješća u obliku GG001 do GG365(366), a sastoji se od kombinacije oznake zadnje dvije znamenke godine i rednog broja dana u godini na koji je izvršena isplata primitka ili na koji su obračunani i uplaćeni doprinosi, odnosno na koji je podnesen Obrazac.  Svaki dan u godini ima svoju oznaku te se oznaka izvješća ne može ponavljati.","I","view","OZNAKA IZVJEŠĆA","joppd_A","False","joppd-a"
"joppd-a_II","Upisuje se oznaka 1 kada se podnosi prvo (izvorno) izvješće, oznaka 2 kada se podnosi ispravak već podnesenog izvješća koje je zaprimljeno od nadležne ispostave Porezne uprave, te oznaka 3 kada se dopunjuju podaci iskazani na izvornom izvješću. Oznaka 1 pod vrstom izvješća može se upisati samo jednom za istu oznaku izvješća, istog podnositelja izvješća i istog obveznika plaćanja.","II","view","VRSTA IZVJEŠĆA","joppd_A","False","joppd-a"
"joppd-a_III","Podaci o podnositelju izvješća i to: naziv/ime i prezime, adresa, adresa elektroničke pošte, OIB i oznaka podnositelja iz Priloga 1. Podnositelj izvješća. Podnositelj izvješća je isplatitelj primitka i/ili obveznik obračunavanja i plaćanja doprinosa, odnosno nositelj osiguranja i/ili sam porezni obveznik, osim za podnositelje pod oznakom 6, 7, 8, 9 ili 10 iz Priloga 1. Podnositelj izvješća, za koje je podnositelj izvješća obveznik obračunavanja primitka i/ili obveznih doprinosa sukladno Zakonu o doprinosima, odnosno platni agent sukladno ugovoru sa isplatiteljem dividende.","III","view","PODACI O ","joppd_A","False","joppd-a"
"joppd-a_III1","Podaci o podnositelju izvješća i to: naziv/ime i prezime, adresa, adresa elektroničke pošte, OIB i oznaka podnositelja iz Priloga 1. Podnositelj izvješća. Podnositelj izvješća je isplatitelj primitka i/ili obveznik obračunavanja i plaćanja doprinosa, odnosno nositelj osiguranja i/ili sam porezni obveznik, osim za podnositelje pod oznakom 6, 7, 8, 9 ili 10 iz Priloga 1. Podnositelj izvješća, za koje je podnositelj izvješća obveznik obračunavanja primitka i/ili obveznih doprinosa sukladno Zakonu o doprinosima, odnosno platni agent sukladno ugovoru sa isplatiteljem dividende.","III.1","view","PODNOSITELJU IZVJEŠĆA","joppd-a_III","False","joppd-a"
"joppd-a_III11","","III.1.1","","Naziv /Ime i Prezime","joppd-a_III1","False","joppd-a"
"joppd-a_III12","","III.1.2","","Adresa","joppd-a_III1","False","joppd-a"
"joppd-a_III13","","III.1.3","","Adresa elektroničke pošte","joppd-a_III1","False","joppd-a"
"joppd-a_III14","","III.1.4","","OIB","joppd-a_III1","False","joppd-a"
"joppd-a_III15","","III.1.5","","Oznaka podnositelja","joppd-a_III1","False","joppd-a"
"joppd-a_III2","Podaci o podnositelju izvješća i to: naziv/ime i prezime, adresa, adresa elektroničke pošte, OIB i oznaka podnositelja iz Priloga 1. Podnositelj izvješća. Podnositelj izvješća je isplatitelj primitka i/ili obveznik obračunavanja i plaćanja doprinosa, odnosno nositelj osiguranja i/ili sam porezni obveznik, osim za podnositelje pod oznakom 6, 7, 8, 9 ili 10 iz Priloga 1. Podnositelj izvješća, za koje je podnositelj izvješća obveznik obračunavanja primitka i/ili obveznih doprinosa sukladno Zakonu o doprinosima, odnosno platni agent sukladno ugovoru sa isplatiteljem dividende.","III.2","","OBVEZNIKU PLAĆANJA","joppd-a_III","False","joppd-a"
"joppd-a_III21","","III.2.1","","Naziv /Ime i Prezime","joppd-a_III2","False","joppd-a"
"joppd-a_III22","","III.2.2","","Adresa","joppd-a_III2","False","joppd-a"
"joppd-a_III23","","III.2.3","","Adresa elektroničke pošte","joppd-a_III2","False","joppd-a"
"joppd-a_III24","","III.2.4","","OIB","joppd-a_III2","False","joppd-a"
"joppd-a_IV1","Podaci o broju fizičkih osoba za koje se podnosi izvješće.","IV.1","Cjelobrojni iznos","BROJ OSOBA ZA KOJE SE PODNOSI IZVJEĆE","joppd-a_III2","False","joppd-a"
"joppd-a_IV2","Podaci o broju redaka na popisu pojedinačnih obračuna sa stranice B Obrasca JOPPD.","IV.2","Cjelobrojni iznos","BROJ REDAKA NA POPISU POJEDINAČNIH OBRAČUNA SA STRANICE B","joppd-a_III2","False","joppd-a"
"joppd-a_V","","V","view","PODACI O UKUPNOM IZNOSU OBRAČUNANOG PREDUJMA POREZA NA DOHODAK I IZNOS PRIREZA POREZU NA DOHODAK","","False","joppd-a"
"joppd-a_V1","Zbroj redaka pod 1.1. i pod 1.2. sa stranice A Obrasca JOPPD.","V.1","decimalni iznos","Ukupan iznos predujma poreza na dohodak i prireza porezu na dohodak po osnovi nesamostalnog rada (1.1.+1.2.)","joppd-a_V","False","joppd-a"
"joppd-a_V11","Zbroj stupaca 14.1. i 14.2. sa stranice B Obrasca JOPPD pod oznakom stjecatelja primitka/osiguranika iz Priloga 2. Stjecatelj primitka/osiguranik: 0001-0039, 0201, 5403.","V.1.1","decimalni iznos","Ukupan zbroj stupaca 14.1. i 14.2. sa stranice B pod oznakom stjecatelja primitka/osiguranika (plaća)","joppd-a_V1","False","joppd-a"
"joppd-a_V12","Zbroj stupaca 14.1. i 14.2. sa stranice B Obrasca JOPPD pod oznakom stjecatelja primitka/osiguranika iz Priloga 2. Stjecatelj primitka/osiguranik: 0101-0119, 0121.","V.1.2","decimalni iznos","Ukupan zbroj stupaca 14.1. i 14.2. sa stranice B pod oznakom stjecatelja primitka/osiguranika (mirovina)","joppd-a_V1","False","joppd-a"
"joppd-a_V2","Zbroj stupaca 14.1. i 14.2. sa stranice B Obrasca JOPPD pod oznakom stjecatelja primitka/osiguranika iz Priloga 2. Stjecatelj primitka/osiguranik: 1001-1009.","V.2","decimalni iznos","Ukupan iznos predujma poreza na dohodak i prireza porezu na dohodak po osnovi dohotka od kapitala","joppd-a_V","False","joppd-a"
"joppd-a_V3","Zbroj stupaca 14.1. i 14.2. sa stranice B Obrasca JOPPD pod oznakom stjecatelja primitka/osiguranika iz Priloga 2. Stjecatelj primitka/osiguranik: 2001-2009.","V.3","decimalni iznos","Ukupan iznos predujma poreza na dohodak i prireza porezu na dohodak po osnovi dohotka od imovinskih prava  i posebnih vrsta imovine","joppd-a_V","False","joppd-a"
"joppd-a_V4","Zbroj stupaca 14.1. i 14.2. sa stranice B Obrasca JOPPD pod oznakom stjecatelja primitka/osiguranika iz Priloga 2. Stjecatelj primitka/osiguranik: 3001-3009.","V.4","decimalni iznos","Ukupan iznos predujma poreza na dohodak i prireza porezu na dohodak po osnovi dohotka od osiguranja","joppd-a_V","False","joppd-a"
"joppd-a_V5","","V.5","decimalni iznos","Ukupan iznos predujma poreza na dohodak i prireza porezu na dohodak po osnovi primitka od kojeg se utvrđuje drugi dohodak","joppd-a_V","False","joppd-a"
"joppd-a_V6","","V.6","decimalni iznos","Ukupan iznos predujma poreza na dohodak i prireza porezu na dohodak po osnovi dohotka od kamata","joppd-a_V","False","joppd-a"
"joppd-a_VI","Zbroj stupaca 14.1. i 14.2. sa stranice B Obrasca JOPPD pod oznakom stjecatelja primitka/osiguranika iz Priloga 2. Stjecatelj primitka/osiguranik: 4001-4009, 5501.","VI","view","PODACI O UKUPNOM IZNOSU OBRAÈUNANOG DOPRINOSA","","False","joppd-a"
"joppd-a_VI1","","VI.1","view","DOPRINOS ZA MIROVINSKO OSIGURANJE NA TEMELJU GENERACIJSKE SOLIDARNOSTI","joppd-a_VI","False","joppd-a"
"joppd-a_VI11","Zbroj stupca 12.1. sa stranice B Obrasca JOPPD pod oznakom stjecatelja primitka/osiguranika iz Priloga 2. Stjecatelj primitka/osiguranik: 0001-0003, 0005-0009, 0021-0029, 5701-5799.","VI.1.1","decimalni iznos","Ukupan iznos doprinosa za mirovinsko osiguranje na temelju generacijske solidarnosti po osnovi radnog odnosa","joppd-a_VI1","False","joppd-a"
"joppd-a_VI12","Zbroj stupca 12.1. sa stranice B Obrasca JOPPD pod oznakom stjecatelja primitka/osiguranika iz Priloga 2. Stjecatelj primitka/osiguranik: 0201, 4002.","VI.1.2","decimalni iznos","Ukupan iznos doprinosa za mirovinsko osiguranje na temelju generacijske solidarnosti po osnovi drugog dohotka","joppd-a_VI1","False","joppd-a"
"joppd-a_VI13","Zbroj stupca 12.1. sa stranice B Obrasca JOPPD pod oznakom stjecatelja primitka/osiguranika iz Priloga 2. Stjecatelj primitka/osiguranik: 0031-0039.","VI.1.3","decimalni iznos","Ukupan iznos doprinosa za mirovinsko osiguranje na temelju generacijske solidarnosti po osnovi poduzetničke plaće","joppd-a_VI1","False","joppd-a"
"joppd-a_VI14","Zbroj stupca 12.1. sa stranice B Obrasca JOPPD pod oznakom stjecatelja primitka/osiguranika iz Priloga 2. Stjecatelj primitka/osiguranik: 5401-5403, 5608.","VI.1.4","decimalni iznos","Ukupan iznos doprinosa za mirovinsko osiguranje na temelju generacijske solidarnosti za osiguranike za koje se doprinos uplaćuje prema posebnim propisima","joppd-a_VI1","False","joppd-a"
"joppd-a_VI15","Zbroj stupca 12.1 sa stranice B Obrasca JOPPD pod oznakom stjecatelja primitka/osiguranika iz Priloga 2. Stjecatelj primitka/osiguranik: 5302, 5501, 5604, 5606, 5607.","VI.1.5","decimalni iznos","Ukupan iznos posebnog doprinosa za mirovinsko osiguranje na temelju generacijske solidarnosti za osobe osigurane u određenim okolnostima","joppd-a_VI1","False","joppd-a"
"joppd-a_VI16","Zbroj stupca 12.6. sa stranice B Obrasca JOPPD.","VI.1.6","decimalni iznos","Ukupan iznos dodatnog doprinosa za mirovinsko osiguranje na temelju generacijske solidarnosti za staž osiguranja koji se računa s povećanim trajanjem","joppd-a_VI1","False","joppd-a"
"joppd-a_VI17","","VI.1.7","decimalni iznos","Ukupan iznos doprinosa za mirovinsko osiguranje na temelju generacijske solidarnosti po osnovi obavljanja samostalne djelatnosti za osobe koje su same za sebe obvezne obračunati doprinose","joppd-a_VI1","False","joppd-a"
"joppd-a_VI2","","VI.2","view","DOPRINOS ZA MIROVINSKO OSIGURANJE NA TEMELJU INDIVIDUALNE KAPITALIZIRANE ŠTEDNJE","joppd-a_VI","False","joppd-a"
"joppd-a_VI21","Zbroj stupca 12.2. sa stranice B Obrasca JOPPD pod oznakom stjecatelja primitka/osiguranika iz Priloga 2. Stjecatelj primitka/osiguranik: 0001-0003, 0005-0009, 0021-0029, 5701-5799.","VI.2.1","decimalni iznos","Ukupan iznos doprinosa za mirovinsko osiguranje na temelju individualne kapitalizirane štednje po osnovi radnog odnosa","joppd-a_VI2","False","joppd-a"
"joppd-a_VI22","Zbroj stupca 12.2. sa stranice B Obrasca JOPPD pod oznakom stjecatelja primitka/osiguranika iz Priloga 2. Stjecatelj primitka/osiguranik: 0201, 4002.","VI.2.2","decimalni iznos","Ukupan iznos doprinosa za mirovinsko osiguranje na temelju individualne kapitalizirane štednje po osnovi drugog dohotka","joppd-a_VI2","False","joppd-a"
"joppd-a_VI23","Zbroj stupca 12.2. sa stranice B Obrasca JOPPD pod oznakom stjecatelja primitka/osiguranika iz Priloga 2. Stjecatelj primitka/osiguranik: 0031-0039.","VI.2.3","decimalni iznos","Ukupan iznos doprinosa za mirovinsko osiguranje na temelju individualne kapitalizirane štednje po osnovi poduzetničke plaće","joppd-a_VI2","False","joppd-a"
"joppd-a_VI24","Zbroj stupca 12.2. sa stranice B Obrasca JOPPD pod oznakom stjecatelja primitka/osiguranika iz Priloga 2. Stjecatelj primitka/osiguranik: 5101-5103, 5201-5299, 5301, 5401-5403, 5608.","VI.2.4","decimalni iznos","Ukupan iznos doprinosa za mirovinsko osiguranje na temelju individualne kapitalizirane štednje za osiguranike za koje se doprinos uplaćuje prema posebnim propisima","joppd-a_VI2","False","joppd-a"
"joppd-a_VI25","Zbroj stupca 12.7. sa stranice B Obrasca JOPPD.","VI.2.5","decimalni iznos","Ukupan iznos dodatnog doprinosa za mirovinsko osiguranje na temelju individualne kapitalizirane štednje za staž osiguranja koji se raćuna s povećanim trajanjem","joppd-a_VI2","False","joppd-a"
"joppd-a_VI26","","VI.2.6","decimalni iznos","Ukupan iznos doprinosa za mirovinsko osiguranje na temelju individualne kapitalizirane štednje po osnovi obavljanja samostalne djelatnosti za osobe koje su same za sebe obvezne obračunati doprinose","joppd-a_VI2","False","joppd-a"
"joppd-a_VI3","","VI.3","view","DOPRINOS ZA ZDRAVSTVENO OSIGURANJE","joppd-a_VI","False","joppd-a"
"joppd-a_VI31","Zbroj stupca 12.7. sa stranice B Obrasca JOPPD.","VI.3.1","decimalni iznos","Ukupan iznos doprinosa za zdravstveno osiguranje po osnovi radnog odnosa","joppd-a_VI3","False","joppd-a"
"joppd-a_VI32","Zbroj stupca 12.4. sa stranice B Obrasca JOPPD pod oznakom stjecatelja primitka/osiguranika iz Priloga 2. Stjecatelj primitka/osiguranik: 0001, 0005, 0008, 0009, 0021-0029, 5701-5799.","VI.3.2","decimalni iznos","Ukupan iznos doprinosa za zaštitu zdravlja na radu po osnovi radnog odnosa","joppd-a_VI3","False","joppd-a"
"joppd-a_VI33","Zbroj stupca 12.4. sa stranice B Obrasca JOPPD pod oznakom stjecatelja primitka/osiguranika iz Priloga 2. Stjecatelj primitka/osiguranik: 0001, 0005, 0008, 0009, 0021-0029, 5701-5799.","VI.3.3","decimalni iznos","Ukupan iznos doprinosa za zdravstveno osiguranje po osnovi poduzetničke plaće","joppd-a_VI3","False","joppd-a"
"joppd-a_VI34","Zbroj stupca 12.3. sa stranice B Obrasca JOPPD pod oznakom stjecatelja primitka/osiguranika iz Priloga 2. Stjecatelj primitka/osiguranik: 0031-0039.","VI.3.4","decimalni iznos","Ukupan iznos doprinosa za zaštitu zdravlja na radu po osnovi poduzetničke plaće","joppd-a_VI3","False","joppd-a"
"joppd-a_VI35","Zbroj stupca 12.3. sa stranice B Obrasca JOPPD pod oznakom stjecatelja primitka/osiguranika iz Priloga 2. Stjecatelj primitka/osiguranik: 0201, 4002.","VI.3.5","decimalni iznos","Ukupan iznos doprinosa za zdravstveno osiguranje po osnovi drugog dohotka","joppd-a_VI3","False","joppd-a"
"joppd-a_VI36","Zbroj stupca 12.8. sa stranice B Obrasca JOPPD pod oznakom stjecatelja primitka/osiguranika iz Priloga 2. Stjecatelj primitka/osiguranik: 0001-0039, 5001-5009 i 5402. ","VI.3.6","decimalni iznos","Ukupan iznos posebnog doprinosa za korištenje zdravstvene zaštite u inozemstvu","joppd-a_VI3","False","joppd-a"
"joppd-a_VI37","Zbroj stupca 12.3. sa stranice B Obrasca JOPPD pod oznakom stjecatelja primitka/osiguranika iz Priloga 2. Stjecatelj primitka/osiguranik: 0101-0119.","VI.3.7","decimalni iznos","Ukupan iznos dodatnog doprinosa za zdravstveno osiguranje  za obveznike po osnovi korisnika mirovina","joppd-a_VI3","False","joppd-a"
"joppd-a_VI38","Zbroj stupca 12.3. sa stranice B Obrasca JOPPD pod oznakom stjecatelja primitka/osiguranika iz Priloga 2. Stjecatelj primitka/osiguranik: 5401, 5403, 5601, 5602, 5603, 5605, 5608.","VI.3.8","decimalni iznos","Ukupan iznos doprinosa za zdravstveno osiguranje - za osiguranike za koje se doprinos uplaćuje prema posebnim propisima","joppd-a_VI3","False","joppd-a"
"joppd-a_VI39","Zbroj stupca 12.4. sa stranice B Obrasca JOPPD pod oznakom stjecatelja primitka/osiguranika iz Priloga 2. Stjecatelj primitka/osiguranik: 5401, 5403, 5608.","VI.3.9","decimalni iznos","Ukupan iznos doprinosa za zaštitu zdravlja na radu - za osiguranike za koje se doprinos uplaćuje prema posebnim propisima","joppd-a_VI3","False","joppd-a"
"joppd-a_VI310","Zbroj stupca 12.4. sa stranice B Obrasca JOPPD pod oznakom stjecatelja primitka/osiguranika iz Priloga 2. Stjecatelj primitka/osiguranik: 5302, 5501, 5604, 5606, 5607.","VI.3.10","decimalni iznos","Ukupan iznos posebnog doprinosa za zaštitu zdravlja na radu - za osobe osigurane u određenim okolnostima","joppd-a_VI3","False","joppd-a"
"joppd-a_VI311","","VI.3.11","decimalni iznos","Ukupan iznos doprinosa za zdravstveno osiguranje po osnovi obavljanja samostalne djelatnosti za osobe koje su same za sebe obvezne obraćunati doprinose","joppd-a_VI3","False","joppd-a"
"joppd-a_VI312","","VI.3.12","decimalni iznos","Ukupan iznos doprinosa za zaštitu zdravlja na radu po osnovi obavljanja samostalne djelatnosti za osobe koje su same za sebe obvezne obraćunati doprinose","joppd-a_VI3","False","joppd-a"
"joppd-a_VI4","","VI.4","view","DOPRINOS ZA ZAPOŠLJAVANJE","","False","joppd-a"
"joppd-a_VI41","Zbroj stupca 12.5. sa stranice B Obrasca JOPPD.","VI.4.1","decimalni iznos","Ukupan iznos doprinosa za zapošljavanje","joppd-a_VI4","False","joppd-a"
"joppd-a_VI42","Ukupan iznos posebnog doprinosa za zapošljavanje osoba s invaliditetom-zbroj stupca 12.9. sa stranice B Obrasca JOPPD.","VI.4.2","decimalni iznos","Ukupan iznos posebnog doprinosa za zapošljavanje osoba s invaliditetom","joppd-a_VI4","False","joppd-a"
"joppd-a_VI43","","VI.4.3","decimalni iznos","Ukupan iznos doprinosa za zapošljavanje po osnovi poduzetničke plaće","joppd-a_VI4","False","joppd-a"
"joppd-a_VI44","","VI.4.4","decimalni iznos","Ukupan iznos doprinosa za zapošljavanje po osnovi obavljanja samostalne djelatnosti za osobe koje su same za sebe obvezne obraćunati doprinose","joppd-a_VI4","False","joppd-a"
"joppd-a_VII","Zbroj stupca 15.2. sa stranice B Obrasca JOPPD.","VII","decimalni iznos","ISPLAĆENI NEOPOREZIVI PRIMICI","","False","joppd-a"
"joppd-a_VIII","Zbroj stupca 12.2. sa stranice B Obrasca JOPPD pod oznakom 5721 iz Priloga 3. Primici/obveze doprinosa.","VIII","decimalni iznos","NAPLAĆENA KAMATA ZA DOPRINOSE ZA MIROVINSKO OSIGURANJE NA TEMELJU INDIVIDUALNE KAPITALIZIRANE ŠTEDNJE","","False","joppd-a"
"joppd-a_IX","","IX","decimalni iznos","UKUPAN IZNOS NEOPOREZIVIH PRIMITAKA NEREZIDENATA KOJE ISPLAĆUJU NEPROFITNE ORGANIZACIJE DO PROPISANOG IZNOSA","","False","joppd-a"
"joppd-a_X","","X","view","PODACI O BROJU OSOBA I NAKNADI UTVRÐENOJ SUKLADNO ODREDBAMA ZAKONA O PROFESIONALNOJ REHABILITACIJI I ZAPOŠLJAVANJU OSOBA S INVALIDITETOM","","False","joppd-a"
"joppd-a_X1","","X.1","decimalni iznos","Broj osoba s invaliditetom koje je obveznik bio dužan zaposliti","","False","joppd-a"
"joppd-a_X2","","X.2","decimalni iznos","Iznos obračunane naknade","","False","joppd-a"
"__export__.l10n_hr_report_line_68","","B","","Strana B","","False","joppd-b"
"joppd-b_1","","1.","","Redni broj","","False","joppd-b"
"joppd-b_2","Šifra općine/grada prebivališta, odnosno uobičajenog boravišta. Za osobe koje nemaju prebivalite, odnosno uobičajeno boravište u Republici Hrvatskoj upisuje se 99999.","2.","","Šifra općine/grada prebivališta/boravišta","","False","joppd-b"
"joppd-b_3","Šifra općine/grada rada  unosi se za sljedeće skupine oznaka stjecatelja primitka/osiguranika iz Priloga 2. Stjecatelj primitka/osiguranik: 0001-0004, 0008, 0009, 0021-0029, 0031-0039, 5701-5799 te za stjecatelje neoporezivih primitaka iz članka 13. stavka 2. i 12. ovoga Pravilnika to ih poslodavci isplaćuju svojim radnicima. Za ostale skupine stjecatelja primitka/osiguranika i stjecatelja neoporezivih primitaka/primitaka koji ne podliježu obvezi poreza na dohodak upisuje se 00000.","3.","","Šifra općine/grada rada","","False","joppd-b"
"joppd-b_4","OIB stjecatelja primitka, odnosno osiguranika.","4.","","OIB stjecatelja/osiguranika","","False","joppd-b"
"joppd-b_5","Ime i prezime stjecatelja primitka, odnosno osiguranika.","5.","","Ime i prezime stjecatelja/osiguranika","","False","joppd-b"
"joppd-b_61","Oznaka stjecatelja primitka, odnosno osiguranika  upisuju se oznake iz Priloga 2. Stjecatelj primitka/osiguranik, ili se upisuje oznaka 0000 kada se isplaćuje neoporezivi primitak po osnovi kojeg se ne utvrđuje obveza doprinosa za obvezna osiguranja. ","6.1.","","Oznaka stjecatelja/osiguranika","","False","joppd-b"
"joppd-b_62","Oznaka primitka/obveze doprinosa  upisuju se oznake iz Priloga 3. Primici/obveze doprinosa, ili se upisuje oznaka 0000 kada se isplaćuje neoporezivi primitak koji ne podliježe obvezi doprinosa za obvezna osiguranja i/ili kada izvjeće o korištenju prava iz obveznih osiguranja podnosi poslodavac, odnosno osoba koja je obveznik doprinosa, te obveznik obračunavanja i obveznik plaćanja doprinosa sukladno članku 182. stavku 3. Zakona o doprinosima.","6.2.","","Oznaka primitka/obveze doprinosa","","False","joppd-b"
"joppd-b_71","Obveza dodatnog doprinosa za mirovinsko osiguranje za staž osiguranja s povećanim trajanjem  upisuje se:0  ukoliko podnositelj po osnovi isplaćenog primitka/obračunane naknade ili osnovice za obračun doprinosa nema obvezu obračuna dodatnog doprinosa za mirovinsko osiguranje za sta osiguranja s povećanim trajanjem,1  ukoliko podnositelj po osnovi isplaćenog primitka/osnovice za obračun doprinosa ima obvezu obraèuna dodatnog doprinosa za mirovinsko osiguranje za sta osiguranja s povećanim trajanjem kada se 12 mjeseci raèuna kao 14 mjeseci,2  ukoliko podnositelj po osnovi isplaćenog primitka/osnovice za obračun doprinosa ima obvezu obračuna dodatnog doprinosa za mirovinsko osiguranje za sta osiguranja s povećanim trajanjem kada se 12 mjeseci računa kao 15 mjeseci,3  ukoliko podnositelj po osnovi isplaćenog primitka/osnovice za obračun doprinosa ima obvezu obračuna dodatnog doprinosa za mirovinsko osiguranje za sta osiguranja s povećanim trajanjem kada se 12 mjeseci računa kao 16 mjeseci,4  ukoliko podnositelj po osnovi isplaćnog primitka/osnovice za obračun doprinosa ima obvezu obračuna dodatnog doprinosa za mirovinsko osiguranje za sta osiguranja s povećanim trajanjem kada se 12 mjeseci računa kao 18 mjeseci.","7.1.","","Obveza dodatnog doprinosa za MO za sta s povećanim trajanjem","","False","joppd-b"
"joppd-b_72","Tip umanjenja osnovice upisuje se: 0 – ukoliko stjecatelj nema pravo na umanjenje, 1 - ukoliko stjecatelj ima ukupan iznos mjesečnih bruto plaća do 700,00 eura, 2 – ukoliko stjecatelj ima ukupan iznos mjesečnih bruto plaća od 700,01 do 1.300,00 eura, 3 – ukoliko stjecatelj ima više poslodavaca i dostavlja izjavu o iznosima mjesečnih bruto plaća, 4 – ukoliko se za stjecatelja se koriste podaci Porezne uprave o iznosu umanjenja mjesečne osnovice,","7.2.","","Tip umanjenja osnovice","","False","joppd-b"
"joppd-b_8"," Oznaka prvog/zadnjeg mjeseca u obveznom osiguranju po istoj osnovi  upisuje se:0  ukoliko po osnovi isplaćenog primitka/obračunane naknade ili osnovice za obračun doprinosa ne postoji obveza prethodnog obveznog osiguranja ili utvrđivanja prava po toj osnovi,1  ukoliko je to prvi mjesec obveznog osiguranja/koritenja prava po osnovi za koju je izvren obračun,2  ukoliko je to zadnji mjesec obveznog osiguranja/korištenja prava po osnovi za koju je izvršen obračun,3  ukoliko su to ostali mjeseci unutar obveznog osiguranja/korištenja prava po osnovi za koju je izvršen obračun,4  ukoliko obvezno osiguranje/korištenje prava po osnovi za koju je izvršen obračun počinje i završava unutar jednog (izvještajnog) mjeseca,5  ukoliko je obveza doprinosa nastala nakon prestanka obveznog osiguranja i ne odnosi se na određeni mjesec proveden u tom osiguranju.Oznake od 1 do 5 unose se za sve skupine stjecatelja primitka/osiguranika za koje se pod razdoblje za koje se obračunava obveza doprinosa i/ili razdoblje za koje se primitak isplaćuje (pod 10.1. i 10.2.) upisuje mjesec dana ili kraće od mjesec dana, odnosno vie od mjesec dana ako se isplaćuju zaostale plaće i mirovine, te za ostale primitke od nesamostalnog rada iz članka 22. stavka 3. Zakona o doprinosima,","8.","","Oznaka prvog/zadnjeg mjeseca u osiguranju po istoj osnovi","","False","joppd-b"
"joppd-b_9","Oznaka punog, nepunog radnog vremena ili rada s polovicom radnog vremena   upisuje se:0  ukoliko ne postoji radno vrijeme,1  ukoliko je osiguranik prijavljen na puno radno vrijeme,2  ukoliko je osiguranik prijavljen na nepuno radno vrijeme,3  za osobe koje rade s polovicom punog radnog vremena radi njege djeteta s teškoćama u razvoju.Oznake od 1 do 3 unose se za sljedeće skupine oznaka stjecatelja primitka/osiguranika iz Priloga 2. Stjecatelj primitka/osiguranik: 0001-0019; 0021-0029; 0031-0039; 5701-5799, a oznaka 0 za sve ostale skupine oznaka stjecatelja primitka/osiguranika,","9.","","Oznaka punog/nepunog radnog vremena ili rada s polovicom radnog vremena","","False","joppd-b"
"joppd-b_10","Broj sati rada (pod 10.)  upisuje se broj obračunanih sati rada za isplatu plaće, za slijedeće skupine oznaka stjecatelja primitka/osiguranika iz Priloga 2. Stjecatelj primitka/osiguranik: 0001-0019, 0021-0029, 0031-0039, 5701-5799, a kada izvješće o korištenju prava iz obveznih osiguranja podnosi poslodavac, odnosno osoba koja je obveznik doprinosa, te obveznik obračunavanja i obveznik plaćanja doprinosa sukladno članku 182. stavku 3. Zakona o doprinosima upisuje se broj obračunanih sati rada za vrijeme korištenja prava. Oznaka 0 upisuje se za sve ostale skupine oznaka stjecatelja primitka/osiguranika. Kod isplate zaostale plaće ne upisuje se broj sati rada za mjesece za koje se plaća isplaćuje ako je isti iskazan u ranijim razdobljima kod podnošenja izvjeća za obračunane doprinose za obvezna osiguranja po osnovi plaće. Obračunani sati rada za pojedini mjesec iskazuju se samo jednom, kod isplate redovne plaće odnosno obračuna obveznih doprinosa, a kod svih ostalih isplata u tijeku jednog mjeseca (za ostale primitke koji se isplaćuju uz plaću, za isplatu određenog primitka u naravi i drugo) ne upisuje se broj sati rada. odnosno upisuje se 0,","10.","","Sati rada","","False","joppd-b"
"joppd-b_101","Razdoblje za koje se obračunava obveza doprinosa i/ili razdoblje za koje se primitak isplaćuje odnosno u kojem se isplaćuje. Razdoblje moe biti:1. mjesec dana ili kraće od mjesec dana ako u jednom mjesecu počinje i/ili zavrava razdoblje osiguranja prema istoj osnovi osiguranja, to se upisuje u formatu od DD.MM.GGGG. do DD.MM.GGGG  2. više mjeseci, a manje od godinu dana (kalendarske godine), to se upisuje u formatu od DD.MM.GGGG. do DD.MM. 3. te kalendarska godina to se upisuje u formatu od 01.01.GGGG. do 31.12.GGGG., ","10.1.","","Razdoblje obračuna od","","False","joppd-b"
"joppd-b_102","Razdoblje za koje se obračunava obveza doprinosa i/ili razdoblje za koje se primitak isplaćuje odnosno u kojem se isplaćuje. Razdoblje može biti:1. mjesec dana ili kraće od mjesec dana ako u jednom mjesecu počinje i/ili završava razdoblje osiguranja prema istoj osnovi osiguranja, to se upisuje u formatu od DD.MM.GGGG. do DD.MM.GGGG  2. više mjeseci, a manje od godinu dana (kalendarske godine), to se upisuje u formatu od DD.MM.GGGG. do DD.MM. 3. te kalendarska godina to se upisuje u formatu od 01.01.GGGG. do 31.12.GGGG., ","10.2.","","Razdoblje obračuna do","","False","joppd-b"
"joppd-b_11","Ukupni iznos oporezivog primitka.","11.","","Iznos primitka (oporezivi) ","","False","joppd-b"
"joppd-b_12","Osnovica za obračun doprinosa (pod 12.). Kada je osnovica viša od najviše mjesećne ili najviše godišnje osnovice za obraćun doprinosa za obvezno mirovinsko osiguranje, upisuje se stvarni iznos osnovice (ne upisuje se iznos najviše mjesećne ili godišnje osnovice).","12.","","Osnovica za obračun doprinosa ","","False","joppd-b"
"joppd-b_121","Iznos obračunanih doprinosa za mirovinsko osiguranje na temelju generacijske solidarnosti primjenom propisane stope na osnovicu za obračun doprinosa.","12.1.","","Doprinos za mirovinsko osiguranje ","","False","joppd-b"
"joppd-b_122","Iznos obračunanih doprinosa za mirovinsko osiguranje na temelju individualne kapitalizirane štednje primjenom propisane stope na osnovicu za obračun doprinosa, te podaci o kamati za doprinose za mirovinsko osiguranje na temelju individualne kapitalizirane štednje koja je naplaćena zbog nepravovremene uplate dospjele obveze.","12.2.","","Doprinos za mirovinsko osiguranje - II STUP ","","False","joppd-b"
"joppd-b_123","Iznos obrčunanih doprinosa za zdravstveno osiguranje primjenom propisane stope na osnovicu za obračun doprinosa.","12.3.","","Doprinos za zdravstveno osiguranje  ","","False","joppd-b"
"joppd-b_124","Iznos obračunanih doprinosa za zaštitu zdravlja na radu primjenom propisane stope na osnovicu za obraćun doprinosa.","12.4.","","Doprinos za zaštitu zdravlja na radu ","","False","joppd-b"
"joppd-b_125","Iznos obračunanih doprinosa za zapošljavanje primjenom propisane stope na osnovicu za obračun doprinosa.","12.5.","","Doprinos za zapošljavanje ","","False","joppd-b"
"joppd-b_126","Iznos obračunanih doprinosa za mirovinsko osiguranje na temelju generacijske solidarnosti za staž osiguranja s povećanim trajanjem primjenom propisane stope na osnovicu za obraèun doprinosa. Podatak se upisuje samo ako je upisana oznaka 1, 2, 3 ili 4 pod 7.1. ","12.6.","","Dodatni doprinos za doprinos mirovinsko osig. za staž osiguranja koji se računa s povećanim trajanjem ","","False","joppd-b"
"joppd-b_127","Iznos obračunanih doprinosa za mirovinsko osiguranje na temelju individualne kapitalizirane štednje za staž osiguranja s povećanim trajanjem primjenom propisane stope na osnovicu za obračun doprinosa. Podatak se upisuje samo ako je upisana oznaka 1, 2, 3 ili 4 pod 7.1.","12.7.","","Dodatni doprinos za mirovinsko osiguranje za staž osiguranja koji se raćuna s povećanim trajanjem - II STUP ","","False","joppd-b"
"joppd-b_128","Iznos obračunanog posebnog doprinosa za korištenje zdravstvene zaštite u inozemstvu za osiguranike koji službeno borave u inozemstvu odnosno posebnog doprinosa za korištenje zdravstvene zaštite u inozemstvu za osiguranike koji borave na službenom putu u inozemstvu i izaslane osobe koje obavljaju samostalnu djelatnost primjenom propisane stope na osnovicu za obračun doprinosa.","12.8.","","Poseban doprinos za koritšenje zdravstvene zaštite u inozemstvu","","False","joppd-b"
"joppd-b_129","Iznos umanjenja osnovice","12.9.","","Iznos umanjenja osnovice","","False","joppd-b"
"joppd-b_131","Izdatak  upisuje se, ovisno o vrsti obračuna, iznos izdatka iz članka 32. stavka 5. Zakona i članka 46. stavka 5. ovoga Pravilnika ili iznos doprinosa iz osnovice kod isplate zaostale plaće za mjesec dana rada za razdoblje koje je ranije od 1.1.2003. a za koju je prethodno izvršen obračun i zaduženi su doprinosi na minimalnu osnovicu i/ili dio doprinosa iz primitka a koji nije doprinos za mirovinsko osiguranje.","13.1.","","Izdatak ","","False","joppd-b"
"joppd-b_132","Izdatak uplaćeni doprinos za mirovinsko osiguranje iz primitka.","13.2.","","Izdatak - uplaćeni  doprinos za  mirovinsko  osiguranje ","","False","joppd-b"
"joppd-b_133","","13.3.","","Dohodak ","","False","joppd-b"
"joppd-b_134","Osobni odbitak iz članka 36. stavaka 1. i 2. Zakona.","13.4.","","Osobni odbitak ","","False","joppd-b"
"joppd-b_135","","13.5.","","Porezna osnovica ","","False","joppd-b"
"joppd-b_141","Iznos obračunanog predujma poreza na dohodak (pod 14.1.). Kod obračuna predujma poreza na dohodak po osnovi nesamostalnog rada koje ostvaruju hrvatski ratni vojni invalidi iz Domovinskog rata upisuje se obračunani predujam poreza na dohodak umanjen za postotak invalidnosti hrvatskog ratnog vojnog invalida iz Domovinskog rata sukladno članku 53. stavku 1. Zakona i članku 61. stavku 15. ovoga Pravilnika.","14.1.","","Iznos obračunanog poreza  na dohodak ","","False","joppd-b"
"joppd-b_142","Iznos obračunanog predujma prireza porezu na dohodak.","14.2.","","Iznos obračunanog prireza  porezu na dohodak ","","False","joppd-b"
"joppd-b_151","Oznaka neoporezivog primitka, odnosno primitka koji bi bio oporeziv porezom na dohodak da odredbama ugovora o izbjegavanju dvostrukog oporezivanja nije drukčije uređeno, iz Priloga 4. Neoporezivi primici/primici koji se ne smatraju dohotkom.","15.1.","","Oznaka neoporezivog primitka ","","False","joppd-b"
"joppd-b_152","Iznos neoporezivog primitka, odnosno primitka koji bi bio oporeziv porezom na dohodak da odredbama ugovora o izbjegavanju dvostrukog oporezivanja nije drugačije uređeno (sa uključenim obveznim doprinosima iz osnovice).","15.2.","","Iznos neoporezivog primitka ","","False","joppd-b"
"joppd-b_161","Oznaka načina isplate odnosno izvršenja obveze iz Priloga 5. Način isplate/izvršenja obveze.","16.1.","","Oznaka načina isplate","","False","joppd-b"
"joppd-b_162","Iznos za isplatu-upisuje se iznos ukupnog primitka (oporezivog primitka iz točke 11. i/ili neoporezivog primitka iz točke 15.2.) umanjenog za iznos uplaćenih doprinosa iz primitka, te uplaćenog predujma poreza i prireza.","16.2.","","Iznos za isplatu ","","False","joppd-b"
"joppd-b_17","Ukupan iznos obračunanog primitka od nesamostalnog rada (redovna plaća) za izvještajno razdoblje, neovisno da li je primitak isplaćen ili ne. Upisuje se na način propisan za broj sati rada iz točke 16. ovoga stavka.","17.","","Obračunani primitak od nesam. rada (plaća)","","False","joppd-b"
