"id","code_type","name","description"
"p-1_1","P-1","1","Pravna osoba"
"p-1_2","P-1","2","Fizička osoba koja obavlja samostalnu djelatnost i po toj osnovi obveznik je poreza na dohodak ili poreza na dobit"
"p-1_3","P-1","3","Poslodavci diplomatske misije i konzularni uredi stranih država i međunarodnih organizacija koji u Republici Hrvatskoj uživaju diplomatski imunitet - za doprinose obračunane za osiguranike po osnovi radnog odnosa"
"p-1_4","P-1","4","Ostale fizičke osobe"
"p-1_5","P-1","5","Ostali poslovni subjekti"
"p-1_6","P-1","6","Škola ili ustanova za osiguranike: -    učenike i studente na dodiplomskom studiju na praktičnoj nastavi ili na stručnoj praksi te struÄčnim putovanjima i - djecu i mladež sa smetnjama u tjelesnom i duševnom razvoju na praktičnoj nastavi ili na obveznom praktičnom radu kada je škola ili ustanova obveznik podnošenja a nadležno ministarstvo obveznik uplate doprinosa"
"p-1_7","P-1","7","HZMO kada je HZMO obveznik podnošenja a nadležno ministarstvo obveznik uplate doprinosa"
"p-1_8","P-1","8","HZZO kada je HZZO obveznik podnošenja a nadležno ministarstvo obveznik uplate doprinosa"
"p-1_9","P-1","9","Ostala tijela (izuzev HZMO i HZZO) kada su ostala tijela, sukladno odredbama Zakona o doprinosima ili odredbama posebnih propisa obveznici obračunavanja a nadležno ministarstvo obveznik uplate doprinosa"
"p-1_10","P-1","10","Platni agent kada platni agent sukladno ugovoru sa isplatiteljem dividende u njegovo ime i za njegov račun isplaćuje dividendu dioničarima fizičkim osobama"
"p-1_11","P-1","11","Poslodavac u stečaju u slučaju izravne isplate plaće koju Agencija za osiguranje radničkih potraživanja u slučaju stečaja poslodavaca isplaćuje radniku"
"p-1_12","P-1","12","Osiguranik po osnovi rada kod poslodavca s registriranim sjedištem ili mjestom poslovanja u drugoj državi članici Europske unije koji je od tog poslodavca preuzeo obvezu doprinosa"
"p-1_13","P-1","13","Poslodavac u slučaju kada druga osoba umjesto toga poslodavca isplaćuje plaću"
"p-2_0000","P-2","0",""
"p-2_0001","P-2","1","Radnik/osiguranik po osnovi radnog odnosa"
"p-2_0002","P-2","2","Radnik/osiguranik po osnovi radnog odnosa - osoba koja se prvi put zapošljava prema odredbama Zakona o doprinosima"
"p-2_0003","P-2","3","Radnik/osiguranik po osnovi radnog odnosa - novozaposlena osoba prema odredbama Zakona o poticanju zapošljavanja"
"p-2_0004","P-2","4","Fizička osoba izaslana na rad u Republiku Hrvatsku po nalogu inozemnog poslodavca u tuzemna društva za rad u tim društvima"
"p-2_0005","P-2","5","Radnik/osiguranik koji je temeljem radnog odnosa izaslan na rad u inozemstvo"
"p-2_0006","P-2","6","Radnik/osiguranik koji je temeljem radnog odnosa izaslan na rad u inozemstvo-osoba koja se prvi put zapošljava prema odredbama Zakona o doprinosima"
"p-2_0007","P-2","7","Radnik/osiguranik koji je temeljem radnog odnosa izaslan na rad u inozemstvo-novozaposlena osoba prema odredbama Zakona o poticanju zapošljavanja"
"p-2_0008","P-2","8","Članovi predstavničkih i izvršnih tijela državne vlasti i jedinica lokalne i područne (regionalne) samouprave (izabrane i imenovane osobe) po osnovi primitaka (plaće) koji im se isplaćuju za rad u tim tijelima i jedinicama"
"p-2_0009","P-2","9","Ostali stjecatelji/osiguranici po osnovi radnog odnosa/plaće"
"p-2_0010","P-2","11","Radnik/osiguranik koji je temeljem radnog odnosa izaslan na rad u inozemstvo – mlada osoba prema odredbama Zakona o doprinosima"
"p-2_0012","P-2","12","Radnik/osiguranik po osnovi radnog odnosa - dijete smrtno stradalog hrvatskog branitelja iz Domovinskog rata ili dijete nestalog hrvatskog branitelja iz Domovinskog rata prema odredbama Zakona o hrvatskim braniteljima iz Domovinskog rata i članovima njihovih obitelji"
"p-2_0013","P-2","13","Radnik/osiguranik po osnovi radnog odnosa osoba koja se prvi put zapošljava po osnovi ugovora o radu prema odredbama Zakona o doprinosima"
"p-2_0014","P-2","14","Radnik/osiguranik koji je temeljem radnog odnosa izaslan na rad u inozemstvo ili drugu državu članicu Europske unije – osoba koja se prvi put zapošljava po osnovi ugovora o radu prema odredbama Zakona o doprinosima"
"p-2_0026","P-2","26","Radnik/osiguranik po osnovi radnog odnosa – rad u kućanstvu osoba koja se prvi put zapošljava po osnovi ugovora o radu prema odredbama Zakona o doprinosima"
"p-2_0021","P-2","21","Radnik/osiguranik po osnovi radnog odnosa - rad u kućanstvu"
"p-2_0022","P-2","22","Radnik/osiguranik po osnovi radnog odnosa - rad u kućanstvu koji se prvi put zapošljava prema odredbama Zakona o doprinosima"
"p-2_0023","P-2","23","Radnik/osiguranik po osnovi radnog odnosa-rad u kućanstvu koji se prvi put zapošljava prema odredbama Zakona o tržištu rada"
"p-2_0024","P-2","24","Ostali stjecatelji/osiguranici po osnovi radnog odnosa - rad u kućanstvu"
"p-2_0025","P-2","25","Radnik/osiguranik po osnovi radnog odnosa–rad u kućanstvu mlada osoba prema odredbama Zakona o doprinosima"
"p-2_0031","P-2","31","Stjecatelj/osiguranik-trgovac pojedinac"
"p-2_0032","P-2","32","Ostali stjecatelji/osiguranici koji obavljaju samostalnu djelatnost i po toj osnovi obveznici su poreza na dobit"
"p-2_0033","P-2","33","Stjecatelji/osiguranici koji ostvaruju primitke od imovine i imovinskih prava od kojih, prema propisima o porezu na dohodak, utvrđuju dohodak od imovine i imovinskih prava, ali su promijenili način utvrđivanja dohotka, pa prema tim primicima utvrđuju dobiti"
"p-2_0041","P-2","41","Stjecatelj primitka/osiguranik po osnovi obavljanja samostalne djelatnosti obrta"
"p-2_0042","P-2","42","Stjecatelj primitka/osiguranik po osnovi obavljanja samostalne djelatnosti slobodnog zanimanja (profesionalne djelatnosti) koji obavlja djelatnosti medicinske sestre, zubotehničara, fizioterapeuta, filmskog radnika, novinara i predstavnik obiteljskog doma"
"p-2_0043","P-2","43","Ostali nenavedeni stjecatelji primitka/osiguranici po osnovi obavljanja samostalne djelatnosti slobodnog zanimanja i sportaši (profesionalne djelatnosti)"
"p-2_0044","P-2","44","Stjecatelj primitka/osiguranik po osnovi obavljanja samostalne djelatnosti poljoprivrede i šumarstva"
"p-2_0045","P-2","45","Stjecatelji/osiguranici koji ostvaruju primitke od imovine i imovinskih prava od kojih, prema propisima o porezu na dohodak, utvrđuju dohodak od imovine i imovinskih prava, ali su promijenili način utvrđivanja dohotka, pa prema tim primicima utvrđuju dohodak od samostalne djelatnosti (članak 7. točka 5.3. Zakona o doprinosima)"
"p-2_0046","P-2","46","Ostali stjecatelj primitka/osiguranik po osnovi obavljanja ostalih samostalnih djelatnosti (članak 7. točka 5.1.,5.2. i 5.4. Zakona o doprinosima)"
"p-2_0101","P-2","101","Umirovljenik korisnik starosne mirovine"
"p-2_0102","P-2","102","Stjecatelj obiteljske mirovine koja podliježe oporezivanju"
"p-2_0103","P-2","103","Stjecatelj obiteljske mirovine koja ne podliježe oporezivanju, ali po osnovi koje postoji obveza doprinosa"
"p-2_0104","P-2","104","Umirovljenik korisnik invalidske mirovine"
"p-2_0105","P-2","105","Stjecatelj invalidske mirovine zbog profesionalne nesposobnosti za rad koja se isplaćuje umirovljenicima obvezno osiguranim po osnovi radnog odnosa ili obavljanja samostalne djelatnosti"
"p-2_0106","P-2","106","Umirovljenik korisnik mirovine prema Zakonu o pravima hrvatskih branitelja iz Domovinskog rata i članova njihovih obitelji"
"p-2_0107","P-2","107","Ostali stjecatelji mirovine prema posebnom propisu"
"p-2_0108","P-2","108","Stjecatelji ostalih mirovina"
"p-2_0121","P-2","121","Stjecatelji mirovine-ostali isplatitelji"
"p-2_0201","P-2","201","Stjecatelj primitka od nesamostalnog rada koji se prema propisima o porezu na dohodak oporezuje kao dohodak od nesamostalnog rada, a prema propisima o doprinosima kao drugi dohodak"
"p-2_1001","P-2","1001","Stjecatelj primitka od kojega se utvrđuje dohodak od kapitala"
"p-2_1002","P-2","1002","Stjecatelj primitka od kojega se utvrđuje dohodak od kapitala, a pri obračunu primjenjuje se poreza stopa propisana odredbama ugovora o izbjegavanju dvostrukog oporezivanja"
"p-2_1003","P-2","1003","Stjecatelj primitka od kojega se utvrđuje dohodak od kapitala ostvaren iz inozemstva ili druge države članice Europske unije"
"p-2_1004","P-2","1004","Stjecatelj primitka od kojega se utvrđuje dohodak od kapitala ostvaren izravno iz inozemstva ili druge države članice Europske unije, a pri obračunu primjenjuje se poreza stopa propisana odredbama ugovora o izbjegavanju dvostrukog oporezivanja"
"p-2_1101","P-2","1101","Stjecatelj primitka od kojega se utvrđuje dohodak od kapitala po osnovi prihoda od kamata"
"p-2_1102","P-2","1102","Stjecatelj primitka od kojega se utvrđuje dohodak od kapitala po osnovi prihoda od kamata, a pri obračunu primjenjuje se poreza stopa propisana odredbama ugovora o izbjegavanju dvostrukog oporezivanja"
"p-2_1103","P-2","1103","Stjecatelj primitka od kojega se utvrđuje dohodak od kapitala po osnovi prihoda od kamata ostvaren iz inozemstva ili druge države članice Europske unije"
"p-2_1104","P-2","1104","Stjecatelj primitka od kojega se utvrđuje dohodak od kapitala po osnovi prihoda od kamata ostvaren izravno iz inozemstva ili druge države članice Europske unije, a pri obračunu primjenjuje se poreza stopa propisana odredbama ugovora o izbjegavanju dvostrukog oporezivanja"
"p-2_2001","P-2","2001","Stjecatelj primitka od kojega se utvrđuje dohodak od imovinskih prava"
"p-2_2002","P-2","2002","Stjecatelj primitka od kojega se utvrđuje dohodak od imovinskih prava, a pri obračunu primjenjuje se poreza stopa propisana odredbama ugovora o izbjegavanju dvostrukog oporezivanja"
"p-2_2003","P-2","2003","Stjecatelj primitka od kojega se utvrđuje dohodak od imovinskih prava ostvaren iz inozemstva ili druge države članice Europske unije"
"p-2_2004","P-2","2004","Stjecatelj primitka od kojega se utvrđuje dohodak od imovinskih prava ostvaren izravno iz inozemstva ili druge države članice Europske unije, a pri obračunu primjenjuje se poreza stopa propisana odredbama ugovora o izbjegavanju dvostrukog oporezivanja"
"p-2_2005","P-2","2005","Stjecatelj primitka od kojega se utvrđuje dohodak od posebnih vrsta imovine"
"p-2_3001","P-2","3001","Stjecatelj primitka od kojega se utvrđuje dohodak od osiguranja"
"p-2_4001","P-2","4001","Osiguranik/stjecatelj primitka od kojega se utvrđuje drugi dohodak, a po osnovi kojeg ne postoji obveza doprinosa"
"p-2_4002","P-2","4002","Osiguranik/stjecatelj primitka od kojega se utvrđuje drugi dohodak, a po osnovi kojeg postoji obveza doprinosa"
"_5001-5009","","5001-5009","Osiguranik posebnog doprinosa za korištenje zdravstvene zaštite u inozemstvu"
"p-2_5001","P-2","5001","Osiguranik na radu ili stručnom usavršavanju, odnosno obrazovanju u inozemstvu duže od 30 dana"
"p-2_5002","P-2","5002","Osiguranik upućen na službeni put u inozemstvo u trajanju do 30 dana"
"p-2_5101","P-2","5101","Osiguranik po osnovi korisnika invalidske mirovine zbog profesionalne nesposobnosti za rad (MO II, 0,35 - obveznik plaćanja mjerodavno ministarstvo)"
"p-2_5102","P-2","5102","Osiguranik po osnovi roditelja koji obavlja roditeljske dužnosti (MO II, 0,35)"
"p-2_5103","P-2","5103","Osiguranik koji naknadu plaće ostvaruje na teret sredstava mirovinskog osiguranja na temelju generacijske solidarnosti (NAKNADA PLAĆE, MO II)"
"p-2_5104","P-2","5104","Osiguranik-osoba s invaliditetom kojoj se staž mirovinskog osiguranja računa s povečanim trajanjem (prosječna plaća 2,01 MO II)"
"p-2_5201","P-2","5201","Osiguranik koji naknadu plaće za vrijeme bolovanja ostvaruje na teret sredstava nositelja obveznoga zdravstvenog osiguranja - općenito (NAKNADA PLAĆE, MO II)"
"p-2_5202","P-2","5202","Osiguranik koji naknadu plaće odnosno novčanu naknadu za vrijeme bolovanja ostvaruje na teret sredstava državnog proračuna - općenito (NAKNADA PLAĆE, MO II)"
"p-2_5203","P-2","5203","Osiguranik koji naknadu plaće ostvaruje za vrijeme korištenja rodiljnog dopusta i dopusta radi smrti djeteta tijekom rodiljnog dopusta, a kojem se naknada plaće isplaćuje na teret HZZO-a (NAKNADA PLAĆE, MO II)"
"p-2_5204","P-2","5204","Osiguranik koji naknadu plaće ostvaruje za vrijeme korištenja roditeljskog dopusta, posvojiteljskog dopusta, skraćenog radnog vremena radi pojačane njege djeteta, stanke za dojenje, a kojemu se naknada isplaćuje na teret državnog proračuna"
"p-2_5205","P-2","5205","Osiguranik koji naknadu plaće ostvaruje nakon prestanka radnog odnosa, a kojemu se naknada plaće isplaćuje na teret HZZO-a (NAKNADA PLAĆE, MO II)"
"p-2_5206","P-2","5206","Osiguranik koji ostvaruje naknadu plaće nakon prestanka radnog odnosa, a kojemu se naknada plaće isplaćuje na teret državnog proračuna (NAKNADA PLAĆE, MO II)"
"p-2_5207","P-2","5207","Osiguranik koji ostvaruje naknadu plaće za vrijeme komplikacija u trudnoći"
"p-2_5208","P-2","5208","Osiguranik koji ostvaruje naknadu plaće za vrijeme privremene nesposobnosti za rad zbog rane, ozljede ili bolesti koja je neposredna posljedica sudjelovanja u Domovinskom ratu, a kojemu se naknada isplaćuje na teret HZZO-a (NAKNADA PLAĆE, MO II)"
"p-2_5209","P-2","5209","Osiguranik koji ostvaruje naknadu plaće za vrijeme bolovanja, koje je posljedica ozljede na radu ili profesionalne bolesti, a kojemu se naknada isplaćuje na teret HZZO-a (NAKNADA PLAĆE, MO II)"
"p-2_5210","P-2","5210","Osiguranik koji ostvaruje naknadu plaće po osnovi roditelja djeteta s težim smetnjama u razvoju koji ima pravo na dopust za njegu djeteta do navršene sedme godine djetetova života, a kojemu se naknada plaće isplaćuje na teret državnog proračuna (NAKNADA PLAĆE, MO II)"
"p-2_5211","P-2","5211","Osiguranik koji ostvaruje naknadu plaće po osnovi roditelja djeteta s težim smetnjama u razvoju koji ima pravo na rad s polovicom radnog vremena zbog njege djeteta kojem se naknada plaće isplaćuje na teret državnog proračuna (NAKNADA PLAĆE, MO II)"
"p-2_5212","P-2","5212","Ostali osiguranici prema kojima HZZO ima obvezu obraÄuna doprinosa za mirovinsko osiguranje na temelju individualne kapitalizirane štednje na minimalnu osnovicu za obračun doprinosa na teret državnog proračuna"
"p-2_5213","P-2","5213","Ostali osiguranici prema kojima HZZO ima obvezu obračuna doprinosa za mirovinsko osiguranje na temelju individualne kapitalizirane štednje po osnovi naknade plaće na teret državnog proračuna"
"p-2_5301","P-2","5301","Osiguranik po osnovi nezaposlena osoba (za obvezu doprinosa za mirovinsko osiguranje na temelju individualne kapitalizirane štednje) (0,35, MO II)"
"p-2_5302","P-2","5302","Osiguranici po osnovi nezaposlene osobe za vrijeme stručnog osposobljavanja ili profesionalne rehabilitacije na koje ih je uputila nadležna služba zapošljavanja (POSEBAN DOPRINOS ZA MO OSIGURANE U ODREĐENIM OKOLNOSTIMA 5%; POSEBAN DOPRINOS ZA ZAŠTITU ZDRAVLJA NA RADU 0,5%, 0,35)"
"p-2_5401","P-2","5401","Osiguranik po osnovi roditelja-njegovatelja, ministarstvo mjerodavno za socijalnu skrb ili drugo tijelo sukladno posebnom propisu (SVI, 0,35)"
"p-2_5402","P-2","5402","Osiguranik po osnovi produženog mirovinskog osiguranja - bračnog druga profesionalnog odnosno ugovornog diplomata (POSLODAVAC PROFESIONALNOG, ODNOSNO UGOVORNOG DIPLOMATA-MJERODAVNO MINISTARSTVO, MO, MO II, 0,35)"
"p-2_5403","P-2","5403","Osiguranik koji ostvaruje naknadu plaće po osnovi pružanja njege i pomoći hrvatskim ratnim vojnim invalidima iz Domovinskog rata I skupine"
"p-2_5404","P-2","5404","Osiguranik po osnovi udomitelja, ministarstvo mjerodavno za socijalnu skrb ili drugo tijelo sukladno posebnom propisu"
"p-2_5501","P-2","5501","Osiguranik po osnovi učenika i redovitog studenta za vrijeme rada preko posrednika pri zapošljavanju (POJEDINAČNI PRIMITAK, POSEBAN DOPRINOS ZA MO OSIGURANE U ODREĐENIM OKOLNOSTIMA 5%; POSEBAN DOPRINOS ZA ZAŠTITU ZDRAVLJA NA RADU 0,5%)"
"p-2_5601","P-2","5601","Osiguranik po osnovi osobe koja je prekinula rad, a bivši ju je poslodavac uputio na obrazovanje ili stručno usavršavanje (ZO, 0,35)"
"p-2_5602","P-2","5602","Osiguranik po osnovi osobe koju je pravna ili fizička osoba, prije stupanja u radni odnos, uputila na praktični rad (ZO, 0,35)"
"p-2_5603","P-2","5603","Osiguranik po osnovi osobe upućene u inozemstvo u sklopu međunarodne tehničko-prosvjetne i kulturne suradnje (ZO, 0,35)"
"p-2_5604","P-2","5604","Ostali osiguranici mirovinskog osiguranja u određenim okolnostima i zdravstvenog osiguranja zaštite zdravlja na radu za slučaj ozljede na radu i profesionalne bolesti"
"p-2_5605","P-2","5605","Osiguranik po osnovi stranca za kojega troškove zdravstvene zaštite snosi davatelj stipendije (ZO, 0,35)"
"p-2_5606","P-2","5606","Osiguranici po osnovi učenika i studenata na dodiplomskom studiju za vrijeme praktične nastave i stručne prakse kod poslodavaca te za vrijeme stručnih putovanja (USTANOVA KOJA UČENIKA/STUDENTA UPUĆUJE NA PRAKTIČNU NASTAVU; POSEBAN DOPRINOS ZA MO OSIGURANE U ODREĐENIM OKOLNOSTIMA 5%; POSEBAN DOPRINOS ZA ZAŠTITU ZDRAVLJA NA RADU 0,5% , O,35, obveznik plaćanja ministarstvo nadležno za obrazovanje)"
"p-2_5607","P-2","5607","Osiguranici po osnovi djece i mladeži sa smetnjama u tjelesnom i duševnom razvoju na praktičnoj nastavi ili na obveznom praktičnom radu kod pravne osobe za osposobljavanje (USTANOVA KOJA UČENIKA/STUDENTA UPUĆUJE NA PRAKTIČNU NASTAVU; POSEBAN DOPRINOS ZA MO OSIGURANE U ODREĐENIM OKOLNOSTIMA 5%; POSEBAN DOPRINOS ZA ZAŠTITU ZDRAVLJA NA RADU 0,5%, 0,35 obveznik plaćanja ministarstvo)"
"p-2_5608","P-2","5608","Osiguranik po osnovi slobodnog zanimanja-samostalnog umjetnika kojemu se doprinosi plaćaju iz državnog proračuna (MINISTARSTVO MJERODAVNO ZA KULTURU ili drugo tijelo, ovlašteno od toga ministarstva 0,8, SVI OSIM ZAPO plaćanja min, izvješćivanje zavodi)"
"p-2_5701","P-2","5701","Osiguranik po osnovi stručnog osposobljavanja za rad bez zasnivanja radnog odnosa prema Zakonu o radu"
"p-2_5702","P-2","5702","Osiguranik po osnovi stručnog osposobljavanja za rad bez zasnivanja radnog odnosa prema odredbama Zakona o poticanju zapošljavanja"
"p-2_00010","P-2","10","Radnik/osiguranik po osnovi radnog odnosa – mlada osoba prema odredbama Zakona o doprinosima"
"p-3_0000","P-3","0"," "
"p-3_0001","P-3","1","Primici po osnovi plaće"
"p-3_0002","P-3","2","Primici po osnovi plaće, a koja je viša od najviše mjesečne osnovice za obračun doprinosa"
"p-3_0003","P-3","3","Primici po osnovi plaće, a koja je viša od najviše godišnje osnovice za obračun doprinosa"
"p-3_0004","P-3","4","Naknadni obračun i isplata plaće za razdoblje koje je ranije od 11 2003"
"p-3_0005","P-3","5","Primici po osnovi plaće člana uprave ili izvršnog direktora trgovačkog društva ili likvidatora ili upravitelja zadruge koja je jednaka ili niža od propisane osnovice za obračun doprinosa"
"p-3_0006","P-3","6","Primici po osnovi plaće člana uprave ili izvršnog direktora trgovačkog društva ili likvidatora ili upravitelja zadruge ukoliko plaća nije isplaćena"
"p-3_0007","P-3","7","Obračun poreza na dohodak i doprinosa po osnovi plaće člana uprave ili izvršnog direktora trgovačkog društva ili likvidatora ili upravitelja zadruge ukoliko se plaća ne isplaćuje, a koja je viša od najviše mjesečne osnovice za obračun doprinosa"
"p-3_0008","P-3","8","Obračun poreza na dohodak i doprinosa po osnovi plaće člana uprave ili izvršnog direktora trgovačkog društva ili likvidatora ili upravitelja zadruge ukoliko se plaća ne isplaćuje, a koja je viša od najviše godišnje osnovice za obračun doprinosa"
"p-3_0009","P-3","9","Primici po osnovi plaće do iznosa minimalne plaće, ako je minimalna plaća ugovorena"
"p-3_0010","P-3","10","Obveza doprinosa po osnovi plaće u slučaju rada u dvije ili više država EU temeljem jednog ugovora o radu koja bi bila oporeziva porezom na dohodak da odredbama ugovora o izbjegavanju dvostrukog oporezivanja nije drukčije uređeno"
"p-3_0011","P-3","11","Obveza doprinosa po osnovi plaće u slučaju rada u dvije ili više država EU temeljem jednog ugovora o radu koja bi bila oporeziva porezom na dohodak da odredbama ugovora o izbjegavanju dvostrukog oporezivanja nije drukčije uređeno, a koja je viša od najviše mjesečne osnovice za obračun doprinosa"
"p-3_0012","P-3","12","Obveza doprinosa po osnovi plaće u slučaju rada u dvije ili više država EU temeljem jednog ugovora o radu koja bi bila oporeziva porezom na dohodak da odredbama ugovora o izbjegavanju dvostrukog oporezivanja nije drukčije uređeno, a koja je viša od najviše godišnje osnovice za obračun doprinosa"
"p-3_0013","P-3","13","Primici po osnovi potpore za očuvanje radnih mjesta/skraćivanje radnog vremena Hrvatskog zavoda za zapošljavanje"
"p-3_0021","P-3","21","Ostali primici koji se isplaćuju uz plaću"
"p-3_0022","P-3","22","Ostali primici koji se isplaćuju koji su viši od najviše godišnje osnovice za obračun doprinosa"
"p-3_0023","P-3","23","Obveza doprinosa za ostale neoporezive primitke koji bi bili oporezivi porezom na dohodak da odredbama ugovora o izbjegavanju dvostrukog oporezivanja nije drukčije uređeno, a koji se isplaćuju uz plaću za rad u određenom mjesecu ili godini i koji se pripisuju tom mjesecu ili godini"
"p-3_0024","P-3","24","Obveza doprinosa za ostale neoporezive primitke koji bi bili oporezivi porezom na dohodak da odredbama ugovora o izbjegavanju dvostrukog oporezivanja nije drukčije uređeno, a koji se isplaćuju uz plaću za rad u određenom mjesecu ili godini i pripisuju se tom mjesecu ili godini, a koji su viši od najviše godišnje osnovice za obračun doprinosa"
"p-3_0025","P-3","25","Ostali primici koji se isplaćuju uz plaću a koji se odnose se na otpremninu"
"p-3_0026","P-3","26","Ostali primici koji se isplaćuju uz plaću a koji se odnose se na otpremninu a koji su viši od najviše godišnje osnovice za obračun doprinosa"
"p-3_0027","P-3","27","Ostali primici koji se isplaćuju uz plaću a koji se odnose se na bonuse i nagrade menadžmentu društva, članovima uprave i nadzornog odbora trgovačkog društva, te izvršnim i neizvršnim direktorima dioničkog društva"
"p-3_0028","P-3","28","Ostali primici koji se isplaćuju uz plaću a koji se odnose se na bonuse i nagrade menadžmentu društva, članovima uprave i nadzornog odbora trgovačkog društva, te izvršnim i neizvršnim direktorima dioničkog društva a koji su viši od najviše godišnje osnovice za obračun doprinosa"
"p-3_0029","P-3","29","Neisplaćena otpremnina"
"p-3_0030","P-3","30","Neisplaćena otpremnina koja je viša od najviše godišnje osnovice za obračun doprinosa"
"p-3_0031","P-3","31","Naknadna isplata neisplaćene otpremnine"
"p-3_0032","P-3","32","Ostali obračunani, a neisplaćeni primici iz članka 22. Zakona o doprinosima"
"p-3_0033","P-3","33","Ostali obračunani, a neisplaćeni primici iz članka 22. Zakona o doprinosima koji su viši od najviše godišnje osnovice za obračun doprinosa"
"p-3_0034","P-3","34","Naknadna isplata ostalih obračunanih, a neisplaćenih primitaka iz članka 22. Zakona o doprinosima"
"p-3_0041","P-3","41","Obračun poreza na dohodak i doprinosa po osnovi plaće"
"p-3_0042","P-3","42","Obračun poreza na dohodak i doprinosa po osnovi plaće, a koja je viša od najviše mjesečne osnovice za obračun doprinosa"
"p-3_0043","P-3","43","Obračun poreza na dohodak i doprinosa po osnovi plaće, a koja je viša od najviše godišnje osnovice za obračun doprinosa"
"p-3_0044","P-3","44","Naknadni obračun doprinosa po osnovi plaće za razdoblje do 31 prosinca 2002"
"p-3_0045","P-3","45","Obračun doprinosa primjenom najniže osnovice ukoliko ne postoji obveza isplate plaće"
"p-3_0046","P-3","46","Obračun ukoliko ne postoji obveza doprinosa za određene dane u mjesecu u osiguranju"
"p-3_0047","P-3","47","Obračun poreza na dohodak i doprinosa po osnovi plaće do iznosa minimalne plaće, ako je minimalna plaća ugovorena"
"p-3_0048","P-3","48","Obračun obveze doprinosa radnika koji radi u dvije ili više država EU temeljem jednog ugovora o radu u slučaju neisplate plaće"
"p-3_0049","P-3","49","Obračun obveze doprinosa radnika koji radi u dvije ili više država EU temeljem jednog ugovora o radu, a koja je viša od najviše mjesečne osnovice za obračun doprinosa u slučaju neisplate plaće"
"p-3_0050","P-3","50","Obračun obveze doprinosa radnika koji radi u dvije ili više država EU temeljem jednog ugovora o radu, a koja je viša od najviše godišnje osnovice za obračun doprinosa u slučaju neisplate plaće"
"p-3_0051","P-3","51","Isplata zaostale plaće za koju je prethodno izvršen obračun i zadužen je porez na dohodak i doprinosi prema plaći"
"p-3_0052","P-3","52","Isplata zaostale plaće za razdoblje do 31 prosinca 2002, a za koju je prethodno izvršen obračun i zaduženi su doprinosi na minimalnu osnovicu"
"p-3_0053","P-3","53","Isplata zaostale minimalne plaće (do iznosa minimalne plaće), ako je minimalna plaća ugovorena"
"p-3_0061","P-3","61","Obračun obveze doprinosa izaslanog radnika u slučaju isplate plaće"
"p-3_0062","P-3","62","Obračun obveze doprinosa izaslanog radnika, a koja je viša od najviše mjesečne osnovice za obračun doprinosa u slučaju isplate plaće"
"p-3_0063","P-3","63","Obračun obveze doprinosa izaslanog radnika, a koja je viša od najviše godišnje osnovice za obračun doprinosa u slučaju isplate plaće"
"p-3_0064","P-3","64","Naknadni obračun obveze doprinosa izaslanog radnika za razdoblje do 31. prosinca 2002. u slučaju isplate plaće"
"p-3_0065","P-3","64","Obračun obveze doprinosa izaslanog radnika u slučaju neisplate plaće"
"p-3_0066","P-3","64","Obračun obveze doprinosa izaslanog radnika, a koja je viša od najviše mjesečne osnovice za obračun doprinosa u slučaju neisplate plaće"
"p-3_0067","P-3","64","Obračun obveze doprinosa izaslanog radnika, a koja je viša od najviše godišnje osnovice za obračun doprinosa u slučaju neisplate plaće"
"p-3_0068","P-3","64","Naknadni obračun obveze doprinosa izaslanog radnika za razdoblje do 31. prosinca 2002. u slučaju neisplate plaće"
"p-3_0071","P-3","71","Obračun poreza na dohodak po osnovi plaće za rad osobi koja je izaslana na rad u Republiku Hrvatsku po nalogu inozemnog poslodavca u tuzemna društva za rad u tim društvima u slučaju isplate plaće"
"p-3_0072","P-3","72","Obračun poreza na dohodak po osnovi ostalih primitaka osobi koja je izaslana na rad u Republiku Hrvatsku po nalogu inozemnog poslodavca u tuzemna društva za rad u tim društvima"
"p-3_0073","P-3","73","Isplata zaostale plaće za rad osobi koja je izaslana na rad u Republiku Hrvatsku po nalogu inozemnog poslodavca u tuzemna društva za rad u tim društvima"
"p-3_0081","P-3","81","Obračun poreza na dohodak osiguraniku po osnovi rada u diplomatskoj misiji ili konzularnom uredu strane države ili međunarodnih organizacija koje u Republici Hrvatskoj uživaju diplomatski imunitet"
"p-3_0082","P-3","82","Obračun doprinosa osiguraniku po osnovi rada u diplomatskoj misiji ili konzularnom uredu strane države ili međunarodnih organizacija koje u Republici Hrvatskoj uživaju diplomatski imunitet"
"p-3_0083","P-3","83","Obračun poreza na dohodak po osnovi plaće za rad za inozemnog poslodavca, rad za poslodavca iz druge države članice Europske unije odnosno rad za tuzemnog poslodavca kada se doprinosi plaćaju u drugoj državi članici Europske unije"
"p-3_0084","P-3","84","Obračun doprinosa po osnovi plaće za mjesec dana rada u Republici Hrvatskoj za poslodavca iz druge države članice Europske unije ili sa sjedištem u drugoj državi članici Europske unije"
"p-3_0085","P-3","85","Brisan"
"p-3_0086","P-3","86","Obračun poreza na dohodak i doprinosa osiguraniku po osnovi plaće za rad u diplomatskoj misiji ili konzularnom uredu strane države ili međunarodnih organizacija koje u Republici Hrvatskoj uživaju diplomatski imunitet"
"p-3_0087","P-3","87","Obračun doprinosa osiguraniku po osnovi plaće za rad u diplomatskoj misiji ili konzularnom uredu strane države ili međunarodnih organizacija koje u Republici Hrvatskoj uživaju diplomatski imunitet, a koja je viša od najviše mjesečne osnovice"
"p-3_0088","P-3","88","Obračun doprinosa osiguraniku po osnovi plaće za rad u diplomatskoj misiji ili konzularnom uredu strane države ili međunarodnih organizacija koje u Republici Hrvatskoj uživaju diplomatski imunitet, a koja je viša od najviše godišnje osnovice"
"p-3_0090","P-3","90","Obračun doprinosa po osnovi plaće za mjesec dana rada za poslodavca iz druge države članice Europske unije ili sa sjedištem u drugoj državi članici Europske unije koja je viša od najviše mjesećne osnovice"
"p-3_0091","P-3","91","Obračun obveze doprinosa (produženo mirovinsko osiguranje) za mjesec dana osiguranja ili kraće, stalnog sezonskog radnika"
"p-3_0092","P-3","92","Obračun doprinosa po osnovi plaće za mjesec dana rada u Republici Hrvatskoj za poslodavca iz druge države članice Europske unije ili sa sjedištem u drugoj državi članici Europske unije, a koja je viša od najviše godišnje osnovice"
"p-3_0093","P-3","93","Obračun poreza na dohodak po osnovi ostalih primitaka za rad za inozemnog poslodavca, rad za poslodavca iz druge države članice Europske unije odnos rad za tuzemnog poslodavca kada se doprinosi plaćaju u drugoj državi članici Europske unije"
"p-3_0094","P-3","94","Obračun doprinosa po osnovi ostalih primitaka za rad u Republici Hrvatskoj za poslodavca iz druge države članice Europske unije ili sa sjedištem u drugoj državi članici Europske unije"
"p-3_0095","P-3","95","Obračun doprinosa po osnovi ostalih primitaka za rad u Republici Hrvatskoj za poslodavca iz druge države članice Europske unije ili sa sjedištem u drugoj državi članici Europske unije, a koji su viši od najviše godišnje osnovice"
"p-3_0096","P-3","96","Obračun poreza na dohodak osiguraniku po osnovi ostalih primitaka za rad u diplomatskoj misiji ili konzularnom uredu strane države ili meÄunarodnih organizacija koje u Republici Hrvatskoj uživaju diplomatski imunitet"
"p-3_0097","P-3","97","Obračun doprinosa osiguraniku po osnovi ostalih primitaka za rad u diplomatskoj misiji ili konzularnom uredu strane države ili međunarodnih organizacija koje u Republici Hrvatskoj uživaju diplomatski imunitet"
"p-3_0098","P-3","98","Obračun doprinosa osiguraniku po osnovi ostalih primitaka za rad u diplomatskoj misiji ili konzularnom uredu strane države ili međunarodnih organizacija koje u Republici Hrvatskoj uživaju diplomatski imunitet koji su viši od najviše godišnje osnovice"
"p-3_0101","P-3","101","Primici po osnovi poduzetničke plaće koja je jednaka ili viša od propisane osnovice za obračun doprinosa"
"p-3_0102","P-3","102","Primici po osnovi poduzetničke plaće koji su niži od propisane osnovice za obračun doprinosa "
"p-3_0103","P-3","103","Obveze poduzetnika za doprinose prema propisanoj osnovici ukoliko se ne isplaćuje poduzetnička plaća"
"p-3_0201","P-3","201","Primici po osnovi isplate plaće prema sudskoj presudi ili nagodbi za prethodna porezna razdoblja po osnovi koje prethodno nije izvršen obračun i nisu zaduženi doprinosi"
"p-3_0202","P-3","202","Primici po osnovi isplate plaće prema sudskoj presudi ili nagodbi za prethodna porezna razdoblja po osnovi koje prethodno nije izvršen obračun i nisu zaduženi doprinosi, a koja je viša od najviše mjesečne osnovice za obračun doprinosa"
"p-3_0203","P-3","203","Primici po osnovi isplate plaće prema sudskoj presudi ili nagodbi za prethodna porezna razdoblja po osnovi koje prethodno nije izvršen obračun i nisu zaduženi doprinosi, a koja je viša od najviše godišnje osnovice za obračun doprinosa"
"p-3_0204","P-3","204","Obračun doprinosa po osnovi plaće za mjesec dana rada ili kraće, prema sudskoj presudi ili nagodbi za prethodna porezna razdoblja po osnovi koje prethodno nije izvršen obračun i nisu zaduženi doprinosi (neisplata plaće)"
"p-3_0205","P-3","205","Obračun doprinosa po osnovi plaće za mjesec dana rada ili kraće, prema sudskoj presudi ili nagodbi za prethodna porezna razdoblja po osnovi koje prethodno nije izvršen obračun i nisu zaduženi doprinosi, a koja je viša od najviše godišnje osnovice za obračun doprinosa (neisplata plaće)"
"p-3_0206","P-3","206","Obračun doprinosa po osnovi plaće za mjesec dana rada ili kraće, prema sudskoj presudi ili nagodbi za prethodna porezna razdoblja po osnovi koje prethodno nije izvršen obračun i nisu zaduženi doprinosi, a koja je viša od najviše godišnje osnovice za obračun doprinosa (neisplata plaće)"
"p-3_0207","P-3","207","Obračun doprinosa na osnovicu"
"p-3_0208","P-3","208","Obračun poreza na dohodak prema plaći utvrđenoj prema sudskoj presudi ili nagodbi za prethodna porezna razdoblja za koju je prethodno izvršen obračun i zaduženi su doprinosi za obvezna osiguranja (naknadna isplata plaće)"
"p-3_0209","P-3","209","Primici po osnovi isplate plaće prema sudskoj presudi ili nagodbi za prethodna porezna"
"p-3_0210","P-3","210","Primici po osnovi isplate plaće prema sudskoj presudi ili nagodbi osobi koja je izaslana na rad u Republiku Hrvatsku"
"p-3_0211","P-3","211","Obračun poreza na dohodak osiguraniku po osnovi rada u diplomatskoj misiji ili konzularnom uredu strane države ili međunarodnih organizacija koji u Republici Hrvatskoj uživaju diplomatski imunitet na primitak ostvaren temeljem sudske presude ili nagodbe"
"p-3_0212","P-3","212","Obračun doprinosa osiguraniku po osnovi rada u diplomatskoj misiji ili konzularnom uredu strane država ili međunarodnih organizacija koji u Republici Hrvatskoj uživaju diplomatski imunitet na primitak ostvaren temeljem sudske presude ili nagodbe"
"p-3_0213","P-3","213","Primici po osnovi isplate plaće prema sudskoj presudi ili nagodbi osobi koja je zaposlena kod poslodavca u inozemstvu ili sa sjedištem u inozemstvu"
"p-3_0214","P-3","214","Obračun obveze doprinosa za mjesec dana osiguranja ili kraće, stalnog sezonskog radnika prema sudskoj presudi ili nagodbi za prethodna porezna razdoblja po osnovi koje prethodno nije izvršen obračun i nisu zaduženi doprinosi"
"p-3_0215","P-3","215","Obračun doprinosa po osnovi prethodno isplaćene plaće i obračunanog i uplaćenog poreza za mjesec dana rada ili kraÄe, prema sudskoj presudi ili nagodbi za prethodna porezna razdoblja po osnovi koje prethodno nisu zaduženi doprinosi"
"p-3_0216","P-3","216","Obračun doprinosa po osnovi prethodno isplaćene plaće i obračunanog i uplaćenog poreza za mjesec dana rada ili kraće, prema sudskoj presudi ili nagodbi za prethodna porezna razdoblja po osnovi koje prethodno nisu zaduženi doprinosi, a koja je viša od najviše mjesečne osnovice za obračun doprinosa"
"p-3_0217","P-3","217","Obračun doprinosa po osnovi prethodno isplaćene plaće i obračunanog i uplaćenog poreza za mjesec dana rada ili kraće, prema sudskoj presudi ili nagodbi za prethodna porezna razdoblja po osnovi koje prethodno nije izvršen obračun i nisu zaduženi doprinosi, a koja je viša od najviše mjesečne osnovice za obračun doprinosa"
"p-3_0218","P-3","218","Primici po osnovi isplate ostalih primitaka uz plaću prema sudskoj presudi ili nagodbi"
"p-3_0219","P-3","219","Primici po osnovi isplate ostalih primitaka uz plaću prema sudskoj presudi ili nagodbi koji su viši od najviše godišnje osnovice za obračun doprinosa"
"p-3_0220","P-3","220","Obračun doprinosa po osnovi isplate ostalih primitaka uz plaću prema sudskoj presudi ili nagodbi u slučaju isplate nasljednicima"
"p-3_0221","P-3","221","Obračun doprinosa po osnovi isplate ostalih primitaka uz plaću prema sudskoj presudi ili nagodbi u slučaju isplate nasljednicima, a koji su viši od najviše godišnje osnovice za obračun doprinosa"
"p-3_0222","P-3","222","Obračun poreza na dohodak po osnovi isplate ostalih primitaka uz plaću prema sudskoj presudi ili nagodbi u slučaju isplate nasljednicima"
"p-3_0301","P-3","301","Mirovine koje ne podliježu obvezi posebnog doprinosa za zdravstveno osiguranje iz mirovina"
"p-3_0302","P-3","302","Mirovine ili razlike mirovina koje ne podliježu obvezi posebnog doprinosa za zdravstveno osiguranje iz mirovina, a koje se isplaćuju za više proteklih mjeseci istoga poreznog razdoblja (iste kalendarske godine)"
"p-3_0303","P-3","303","Mirovine ili razlike mirovina koje ne podliježu obvezi posebnog doprinosa za zdravstveno osiguranje iz mirovina, a koje se isplaćuju za protekla porezna razdoblja (kalendarske godine)"
"p-3_0321","P-3","321","Mirovine koje podliježu obvezi dodatnog doprinosa za zdravstveno osiguranje iz mirovina"
"p-3_0322","P-3","322","Mirovine koje podliježu obvezi dodatnog doprinosa za zdravstveno osiguranje iz mirovina, a koja se isplaćuje za više proteklih mjeseci istoga poreznog razdoblja (iste kalendarske godine)"
"p-3_0323","P-3","323","Mirovine koje podliježu obvezi dodatnog doprinosa za zdravstveno osiguranje iz mirovina, a koje se isplaćuju za protekla porezna razdoblja (kalendarske godine)"
"p-3_0331","P-3","331","Mirovine ostvarene na temelju individualne kapitalizirane štednje koje isplaćuju mirovinska osiguravajuća društva"
"p-3_0332","P-3","332","Mirovine ostvarene temeljem dokupa"
"p-3_0333","P-3","333","Mirovinske rente"
"p-3_0334","P-3","334","Mirovine ostvarene po ostaloj osnovi"
"p-3_0335","P-3","335","Mirovine ostvarene iz inozemstva"
"p-3_0401","P-3","401","Primici po osnovi nesamostalnog rada iz članka 114 stavka 1 Zakona o doprinosima koji se isplaćuju bivšem radniku ili drugoj osobi umjesto bivšeg radnika"
"p-3_0402","P-3","402","Primici iz članka 114 stavka 2 Zakona o doprinosima od kojih se prema propisima o porezu na dohodak utvrđuje dohodak od nesamostalnog rada, a prema propisima o doprinosima drugi dohodak"
"p-3_0403","P-3","403","Ostali primici po osnovi nesamostalnog rada"
"p-3_0404","P-3","404","Ostali primici po osnovi nesamostalnog rada koji ne podliježu obvezi doprinosa"
"p-3_0405","P-3","405","Obračun doprinosa prema primicima od kojih se prema propisima o porezu na dohodak utvrđuje dohodak od nesamostalnog rada, a prema propisima o doprinosima drugi dohodak, od kojih se prema propisima o porezu na dohodak ne plaća porez na dohodak, a prema propisima o doprinosima ili ne postoji obveza doprinosa prema isplaćeno primitku"
"p-3_0406","P-3","406","Obveze po konačnom godišnjem obračunu poreza na dohodak i prireza porezu na dohodak po osnovi dohotka od nesamostalnog rada"
"p-3_0407","P-3","407","Primici po osnovi nesamostalnog rada iz članka 114. stavka 1. Zakona o doprinosima koji se isplaćuju bivšem radniku ili drugoj osobi umjesto bivšeg radnika, a koja je viša od najviše godišnje osnovice"
"p-3_0408","P-3","408","Primici iz članka 114. stavka 2. Zakona o doprinosima od kojih se prema propisima o porezu na dohodak utvrđuje dohodak od nesamostalnog rada, a prema propisima o doprinosima drugi dohodak, a koja je viša od najviše godišnje osnovice"
"p-3_0409","P-3","409","Primici po osnovi nesamostalnog rada iz članka 114. stavka 1. Zakona o doprinosima koji se isplaćuju u obliku rente koju bivši poslodavac isplaćuje po sudskoj presudi članu obitelji bivšeg radnika,, te po osnovi tih primitaka ne postoji obveza doprinosa"
"p-3_0410","P-3","410","Primici po osnovi nesamostalnog rada iz članka 114. stavka 1. Zakona o doprinosima koji se isplaćuju umirovljenom bivšem radniku ili drugoj umirovljenoj osobi umjesto bivšeg radnika"
"p-3_0411","P-3","411","Ostali primici po osnovi nesamostalnog rada iz članka 114. stavka 1. Zakona o doprinosima koji se isplaćuju bivšem radniku ili drugoj osobi umjesto bivšeg radnika,a prema kojima ne postoji obveza doprinosa"
"p-3_0412","P-3","412","Primici iz članka 114. stavka 2. Zakona o doprinosima od kojih se prema propisima o porezu na dohodak utvrđuje dohodak od nesamostalnog rada, a prema propisima o doprinosima drugi dohodak prema kojima ne postoji obveza doprinosa na osnovicu"
"p-3_0413","P-3","413","Primici iz članka 114. stavka 2. Zakona o doprinosima od kojih se prema propisima o porezu na dohodak utvrđuje dohodak od nesamostalnog rada, a prema propisima o doprinosima drugi dohodak prema kojima ne postoji obveza doprinosa na osnovicu, a koji su viši od najviše godišnje osnovice"
"p-3_0414","P-3","414","Porez na dohodak po osnovi nesamostalnog rada iz članka 212. stavka 2. Zakona o doprinosima koji se isplaćuju nasljedniku"
"p-3_0415","P-3","415","Obračun doprinosa po osnovi plaće u slučaju iz članka 212. stavak 2. Zakona o doprinosima"
"p-3_0416","P-3","416","Obračun doprinosa po osnovi plaće u slučaju iz članka 212. stavak 2. Zakona o doprinosima, a koja je viša od najviše mjesečne osnovice za obračun doprinosa"
"p-3_0417","P-3","417","Obračun doprinosa po osnovi plaće u slučaju iz članka 212. stavak 2. Zakona o doprinosima, a koja je viša od najviše godišnje osnovice za obračun doprinosa"
"p-3_0418","P-3","418","Obračun doprinosa po osnovi ostalih primitaka koji se isplaćuju uz plaću u slučaju iz članka 212. stavak 2. Zakona o doprinosima"
"p-3_0419","P-3","419","Obračun doprinosa po osnovi ostalih primitaka koji se isplaćuju uz plaću u slučaju iz članka 212. stavak 2. Zakona o doprinosima, a koja je viša od najviše godišnje osnovice za obračun doprinosa"
"p-3_0501","P-3","501","Obračun poreza na dohodak po osnovi plaće za mjesec dana rada u drugoj državi članici Europske unije za poslodavca iz druge države članice Europske unije ili sa sjedištem u drugoj državi članici Europske unije odnosno rad za tuzemnog poslodavca kada se doprinosi plaćaju u drugoj državi članici Europske unije"
"p-3_0502","P-3","502","Obračun doprinosa po osnovi plaće za mjesec dana rada u drugoj državi članici Europske unije za poslodavca iz druge države članice Europske unije ili sa sjedištem u drugoj državi članici Europske unije"
"p-3_0503","P-3","503","Obračun doprinosa po osnovi plaće za mjesec dana rada u drugoj državi članici Europske unije za poslodavca iz druge države članice Europske unije ili sa sjedištem u drugoj državi članici Europske unije koja je viša od najviše mjesečne osnovice"
"p-3_0504","P-3","504","Obračun doprinosa po osnovi plaće za mjesec dana rada u drugoj državi članici Europske unije za poslodavca iz druge države članice Europske unije ili sa sjedištem u drugoj državi članici Europske unije, a koja je viša od najviše godišnje osnovice"
"p-3_0505","P-3","505","Obračun doprinosa po osnovi ostalih primitaka za rad u drugoj državi članici Europske unije za poslodavca iz druge države članice Europske unije ili sa sjedištem u drugoj državi članici Europske unije"
"p-3_1001","P-3","1001","Primici od kojih se utvrđuje dohodak od kapitala po osnovi dividendi i udjela u dobiti na temelju udjela u kapitalu"
"p-3_1002","P-3","1002","Primici od kojih se utvrđuje dohodak od kapitala po osnovi izuzimanja i korištenja usluga članova trgovačkih društava za privatne potrebe te izuzimanja fizičkih osoba koje obavljaju samostalnu djelatnost od koje se plaća porez na dobit"
"p-3_1003","P-3","1003","Primici u naravi od kojih se utvrđuje dohodak od kapitala po osnovi udjela u dobiti članova uprave i radnika trgovačkih društava koje ostvaruju putem dodjele ili opcijske kupnje vlastitih dionica"
"p-3_1004","P-3","1004","Primici od kojih se utvrđuje dohodak od kapitala po osnovi kamata"
"p-3_1005","P-3","1005","Ostali primici od kapitala"
"p-3_1006","P-3","1006","Primici od kojih se utvrđuje dohodak od kapitala po osnovi kapitalnih dobitaka"
"p-3_2001","P-3","2001","Primici od kojih se utvrđuje dohodak od imovinskih prava"
"p-3_2002","P-3","2002","Primici od kojih se utvrđuje dohodak od posebnih vrsta imovine"
"p-3_3001","P-3","3001","Primici od kojih se utvrđuje dohodak od osiguranja po osnovi dobrovoljnog mirovinskog osiguranja"
"p-3_3002","P-3","3002","Primici od kojih se utvrđuje dohodak od osiguranja po osnovi životnog osiguranja s obilježjem štednje"
"p-3_4001","P-3","4001","Primici od autorskih naknada isplaćenih prema posebnom zakonu kojim se uređuju autorska i srodna prava"
"p-3_4002","P-3","4002","Primici po osnovi naknada za isporučeno umjetničko djelo osobama koje obavljaju umjetničku i kulturnu djelatnost"
"p-3_4003","P-3","4003","Primici po osnovi naknada profesionalnih djelatnosti novinara, umjetnika i sportaša koji su osigurani po toj osnovi i doprinose za obvezna osiguranja plaćaju prema rješenju"
"p-3_4004","P-3","4004","Primici nerezidenata za obavljanje umjetničke, artističke, zabavne, sportske, književne i likovne djelatnosti te djelatnosti u svezi s tiskom, radijem i televizijom te zabavnim priredbama po osnovi kojih postoji obveza doprinosa"
"p-3_4005","P-3","4005","Primici nerezidenata za obavljanje umjetničke, artističke, zabavne, sportske, književne i likovne djelatnosti te djelatnosti u svezi s tiskom, radijem i televizijom te zabavnim priredbama po osnovi kojih postoji obveza doprinosa, a koji su viša od najviše mjesečne osnovice za obračun doprinosa"
"p-3_4006","P-3","4006","Primici nerezidenata za obavljanje umjetničke, artističke, zabavne, sportske, književne i likovne djelatnosti te djelatnosti u svezi s tiskom, radijem i televizijom te zabavnim priredbama po osnovi kojih ne postoji obveza doprinosa"
"p-3_4007","P-3","4007","Primici po osnovi djelatnosti sportaša (koji nisu osigurani po osnovi samostalne djelatnosti sportaša)"
"p-3_4008","P-3","4008","Primici po osnovi djelatnosti sportaša (koji nisu osigurani po osnovi samostalne djelatnosti sportaša) koji su viši od najviše godišnje osnovice za obračun doprinosa"
"p-3_4009","P-3","4009","Primici po osnovi djelatnosti sportaša koji se isplaćuju umirovljenicima"
"p-3_4010","P-3","4010","Primici po osnovi djelatnosti trgovačkih putnika, agenta, akvizitera, tumača, prevoditelja, turističkih djelatnika, konzultanata, sudskih vještaka te druge slične djelatnosti"
"p-3_4011","P-3","4011","Primici po osnovi djelatnosti trgovačkih putnika, agenta, akvizitera, tumača, prevoditelja, turističkih djelatnika, konzultanata, sudskih vještaka te druge slične djelatnosti, koji su"
"p-3_4012","P-3","4012","Primici po osnovi djelatnosti trgovačkih putnika, agenta, akvizitera, tumača, prevoditelja, turističkih djelatnika, konzultanata, sudskih vještaka te druge slične djelatnosti, koji se isplaćuju umirovljenicima"
"p-3_4013","P-3","4013","Primici po osnovi djelatnosti sportskih sudaca i delegata"
"p-3_4014","P-3","4014","Primici po osnovi djelatnosti članova skupština i nadzornih odbora trgovačkih društava, upravnih odbora, upravnih vijeća i drugih njima odgovarajućih tijela drugih pravnih osoba, članova povjerenstava i odbora koje imaju ta tijela i sudaca porotnika koji nemaju svojstvo djelatnika u sudu"
"p-3_4015","P-3","4015","Primici po osnovi djelatnosti članova skupština i nadzornih odbora trgovačkih društava, upravnih odbora, upravnih vijeća i drugih njima odgovarajućih tijela drugih pravnih osoba, članova povjerenstava i odbora koje imaju ta tijela i sudaca porotnika koji nemaju svojstvo djelatnika u sudu, koji su viši od najviše godišnje osnovice za obračun doprinosa"
"p-3_4016","P-3","4016","Primici po osnovi djelatnosti članova skupština i nadzornih odbora trgovačkih društava, upravnih odbora, upravnih vijeća i drugih njima odgovarajućih tijela drugih pravnih osoba, članova povjerenstava i odbora koje imaju ta tijela i sudaca porotnika koji nemaju svojstvo djelatnika u sudu, koji se isplaćuju umirovljenicima"
"p-3_4017","P-3","4017","Primici u naravi - korištenje zgrada, prometnih sredstava, povoljnije kamate pri odobravanju kredita i druge pogodnosti prema članku 14 stavku 3 Zakona o porezu na dohodak, a koje davatelji tih primitaka daju fizičkim osobama koje nisu njihovi radnici i osobe koje ostvaruju primitke iz članka 14 toga Zakona"
"p-3_4018","P-3","4018","Primici u naravi - korištenje zgrada, prometnih sredstava, povoljnije kamate pri odobravanju kredita i druge pogodnosti prema članku 14 stavku 3 Zakona o porezu na dohodak, a koje davatelji tih primitaka daju fizičkim osobama koje nisu njihovi radnici i osobe koje ostvaruju primitke iz članka 14 toga Zakona, koji su viši od najviše godišnje osnovice za obračun doprinosa"
"p-3_4019","P-3","4019","Primici u naravi - korištenje zgrada, prometnih sredstava, povoljnije kamate pri odobravanju kredita i druge pogodnosti prema članku 14 stavku 3 Zakona o porezu na dohodak, a koje davatelji tih primitaka daju fizičkim osobama koje nisu njihovi radnici i osobe koje ostvaruju primitke iz članka 14 toga Zakona, koji se isplaćuju umirovljenicima"
"p-3_4020","P-3","4020","Nagrade učenicima za vrijeme praktičnog rada i naukovanja, iznad propisanog iznosa"
"p-3_4021","P-3","4021","Stipendije učenicima i studentima za redovno školovanje na srednjim, višim i visokim školama i fakultetima, iznad propisanog iznosa,"
"p-3_4022","P-3","4022","Sportske stipendije koje se prema posebnim propisima isplaćuju sportašima amaterima za njihovo sportsko usavršavanje, iznad propisanog iznosa"
"p-3_4023","P-3","4023","Nagrade za sportska ostvarenja i naknade sportašima amaterima prema posebnim propisima, iznad propisanih iznosa"
"p-3_4024","P-3","4024","Nagrade za sportska ostvarenja i naknade sportašima amaterima prema posebnim propisima, iznad propisanih iznosa koje se isplaćuju umirovljenicima"
"p-3_4025","P-3","4025","Primici od kojih se utvrđuje drugi dohodak, a primatelj ga ostvari neposredno iz inozemstva ili od fizičke osobe"
"p-3_4026","P-3","4026","Primici od kojih se utvrđuje drugi dohodak, a primatelj ga ostvari neposredno iz inozemstva ili od fizičke osobe, a koji je viši od najviše godišnje osnovice"
"p-3_4027","P-3","4027","Primici od kojih se utvrđuje drugi dohodak, a umirovljenik ga ostvari neposredno iz inozemstva ili od fizičke osobe"
"p-3_4028","P-3","4028","Primici od kojih se utvrđuje drugi dohodak i koji bi bili podložni obvezi doprinosa da ugovorom o socijalnom osiguranju nije drugačije uređeno"
"p-3_4029","P-3","4029","Primici od kojih se utvrđuje drugi dohodak i koji su podložni obvezi doprinosa za zdravstveno osiguranja, a nisu podložni obvezi doprinosa za mirovinsko osiguranje sukladno ugovoru o socijalnom osiguranju"
"p-3_4030","P-3","4030","Ostali primici koje fizičkim osobama isplaćuju ili daju pravne i fizičke osobe (obveznici poreza na dobit i obveznici poreza na dohodak koji obavljaju samostalne djelatnosti) i drugi isplatitelji i davatelji, a po osnovi kojih postoji obveza doprinosa"
"p-3_4031","P-3","4031","Ostali primici koje fizičkim osobama isplaćuju ili daju pravne i fizičke osobe (obveznici poreza na dobit i obveznici poreza na dohodak koji obavljaju samostalne djelatnosti) i drugi isplatitelji i davatelji, a po osnovi kojih postoji i obveza doprinosa, a koji su viši od najviše godišnje osnovice"
"p-3_4032","P-3","4032","Ostali primici koje fizičkim osobama isplaćuju ili daju pravne i fizičke osobe (obveznici poreza na dobit i obveznici poreza na dohodak koji obavljaju samostalne djelatnosti) i drugi isplatitelji i davatelji, a po osnovi kojih ne postoji obveza doprinosa"
"p-3_4033","P-3","4033","Primici od kojih se utvrđuje drugi dohodak, ostvareni temeljem sezonskog rada u poljoprivredi prema posebnom propisu kojim se uređuje tržište rada"
"p-3_4034","P-3","4034","Primici nerezidenata od autorskih naknada isplaćenih prema posebnom zakonu kojim se uređuju autorska i srodna prava a koji nemaju pravo na paušalni izdatak"
"p-3_4035","P-3","4035","Primici od kojih se utvrđuje drugi dohodak a koji se isplaćuju nerezidentima Republike Hrvatske - članovima uprave odnosno članovima drugih odgovarajućim upravljačkih tijela društva te izvršnim direktorima"
"p-3_4036","P-3","4036","Primici od kojih se utvrđuje drugi dohodak a koji se isplaćuju nerezidentima Republike Hrvatske - članovima uprave odnosno članovima drugih odgovarajućim upravljačkih tijela društva te izvršnim direktorima, koji su viši od najviše godišnje osnovice za obračun doprinosa"
"p-3_4037","P-3","4037","Primici od kojih se utvrđuje drugi dohodak a koji se isplaćuju nerezidentima Republike Hrvatske - članovima uprave odnosno članovima drugih odgovarajućim upravljačkih tijela društva te izvršnim direktorima, a prema kojima ne postoji obveza doprinosa"
"p-3_4038","P-3","4038","Primici po osnovi drugog dohotka koji podliježu obvezi doprinosa, a prema kojima je predujam poreza na dohodak plaćen u inozemstvu"
"p-3_4039","P-3","4039","Primici po osnovi drugog dohotka koji podliježu obvezi doprinosa ali su viši od najviše godišnje osnovice za obračun doprinosa, a na koje je, sukladno ugovoru o izbjegavanju dvostrukog oporezivanja predujam poreza na dohodak plaćen u inozemstvu, te se sukladno članku 2. stavku 4. Pravilnika o porezu na dohodak ne plaćaju predujmovi poreza na dohodak u tuzemstvu, te je porezni obveznik obvezan podnijeti godišnju poreznu prijavu"
"p-3_4040","P-3","4040","Primici po osnovi drugog dohotka koji podliježu obvezi doprinosa koji bi bili oporezivi porezom na dohodak da ugovorima o izbjegavanju dvostrukog oporezivanja nije uređeno drugačije, u slučaju kada Republika Hrvatska sukladno ugovoru izuzima te primitke od oporezivanja"
"p-3_4041","P-3","4041","Primici po osnovi drugog dohotka koji podliježu obvezi doprinosa, ali su viši od najviše godišnje osnovice za obračun doprinosa, a koji bi bili oporezivi porezom na dohodak da ugovorima o izbjegavanju dvostrukog oporezivanja nije uređeno drugačije u slučaju kada Republika Hrvatska sukladno ugovoru izuzima te primitke od oporezivanja"
"p-3_4042","P-3","4042","Primici od kojih se utvrđuje drugi dohodak, a primatelj ga ostvari neposredno od fizičke osobe "
"p-3_4043","P-3","4043","Primici od kojih se utvrđuje drugi dohodak, a primatelj ga ostvari neposredno od fizičke osobe, a koji je viši od najviše godišnje osnovice"
"p-3_4044","P-3","4044","Primici od kojih se utvrđuje drugi dohodak, a umirovljenik ga ostvari neposredno od fizičke osobe"
"p-3_4045","P-3","4045","Primici od autorskih naknada isplaćenih prema posebnom zakonu kojim se uređuju autorska i srodna prava, a koji su viši od najviše godišnje osnovice"
"p-3_4046","P-3","4046","Primici po osnovi naknada za isporučeno umjetničko djelo osobama koje obavljaju umjetničku i kulturnu djelatnost, a koji su viši od najviše godišnje osnovice"
"p-3_4047","P-3","4047","Primici od autorskih naknada isplaćenih prema posebnom zakonu kojim se uređuju autorska i srodna prava koji su ostvareni iz inozemstva"
"p-3_4048","P-3","4048","Primici po osnovi naknada za isporučeno umjetničko djelo osobama koje obavljaju umjetničku i kulturnu djelatnost koji su ostvareni iz inozemstva"
"p-3_4049","P-3","4049","Primici od autorskih naknada isplaćenih prema posebnom zakonu kojim se uređuju autorska i srodna prava koji su ostvareni iz inozemstva, a koji su viši od najviše godišnje osnovice"
"p-3_4050","P-3","4050","Primici po osnovi naknada za isporučeno umjetničko djelo osobama koje obavljaju umjetničku i kulturnu djelatnost koji su ostvareni iz inozemstva, a koji su viši od najviše godišnje osnovice"
"p-3_4051","P-3","4051","Primici od autorskih naknada isplaćenih prema posebnom zakonu kojim se uređuju autorska i srodna prava koji su ostvareni neposredno od fizičke osobe"
"p-3_4052","P-3","4052","Primici po osnovi naknada za isporučeno umjetničko djelo osobama koje obavljaju umjetničku i kulturnu djelatnost koji su ostvareni neposredno od fizičke osobe"
"p-3_4053","P-3","4053","Primici od autorskih naknada isplaćenih prema posebnom zakonu kojim se uređuju autorska i srodna prava koji su ostvareni neposredno od fizičke, a koji su viši od najviše godišnje osnovice"
"p-3_4054","P-3","4054","Primici po osnovi naknada za isporučeno umjetničko djelo osobama koje obavljaju umjetničku i kulturnu djelatnost koji su ostvareni neposredno od fizičke osobe, a koji su viši od najviše godišnje osnovice"
"p-3_4055","P-3","4055","Primici od kojih se utvrđuje drugi dohodak po osnovi povrata doprinosa koji HZMO isplaćuje osiguraniku, prema zakonu kojim se uređuje prijenos mirovinskih prava, a čija su mirovinska prava stečena u Europskoj uniji prenijeta u sustav mirovinskog osiguranja u Republici Hrvatskoj"
"p-3_5001","P-3","5001","Obveze posebnog doprinosa za korištenje zdravstvene zaštite u inozemstvu za osiguranike koji službeno borave u inozemstvu (plaća ili prosjećna plaća ukoliko mu se ne isplaćuje plaća - 10% ZO INO)"
"p-3_5002","P-3","5002","Obveze posebnog doprinosa za korištenje zdravstvene zaštite u inozemstvu za osiguranike koji borave na službenom putu u inozemstvu (0,35 - 20% ZO INO)"
"p-3_5003","P-3","5003","Obveze posebnog doprinosa za korištenje zdravstvene zaštite u inozemstvu za osiguranike po osnovi primitka od kojih se utvrđuje drugi dohodak koji borave na službenom putu u inozemstvu (0,35 - 20% ZO INO)"
"p-3_5004","P-3","5004","Obveze posebnog doprinosa za korištenje zdravstvene zaštite u inozemstvu za osiguranika po osnovi obavljanja samostalnih djelatnosti koji boravi na službenom putu u inozemstvu (0,35 - 20% ZO INO)"
"p-3_5005","P-3","5005","Obveze posebnog doprinosa za korištenje zdravstvene zaštite u inozemstvu za osiguranika po osnovi obavljanja samostalnih djelatnosti - izaslanog na rad u inozemstvo (0,35 - 20% ZO INO)"
"p-3_5101","P-3","5101","Obveze poreza na dohodak i prireza porezu na dohodak te doprinosa za osiguranike po osnovi njegovatelja HRVI"
"p-3_5102","P-3","5102","Obveze doprinosa za osiguranike po osnovi roditelja - njegovatelja"
"p-3_5103","P-3","5103","Obveza doprinosa za osiguranike po osnovi slobodnog zanimanja - samostalnih umjetnika"
"p-3_5104","P-3","5104","Primici učenika i redovitih studenata za vrijeme rada preko posrednika pri zapošljavanju iznad propisanih iznosa, odnosno obveza doprinosa učenika i redovitih studenata za vrijeme rada preko posrednika pri zapošljavanju"
"p-3_5105","P-3","5105","Obveza doprinosa za osiguranike za koje se obveza doprinosa izračunava primjenom doprinosa za mirovinsko osiguranje na temelju generacijske solidarnosti i doprinosa za mirovinsko osiguranje na temelju individualne kapitalizirane štednje na minimalnu osnovicu za obračun doprinosa"
"p-3_5106","P-3","5106","Obveza doprinosa za osiguranike za koje se obveza doprinosa izračunava primjenom doprinosa za mirovinsko osiguranje na temelju individualne kapitalizirane štednje na minimalnu osnovicu za obračun doprinosa"
"p-3_5107","P-3","5107","Obveza doprinosa za osiguranike za koje se obveza doprinosa izračunava primjenom doprinosa za mirovinsko osiguranje na temelju individualne kapitalizirane štednje na naknadu plaće"
"p-3_5108","P-3","5108","Obveza doprinos za mirovinsko osiguranje u određenim okolnostima i posebnog doprinosa za zaštitu zdravlja na radu na minimalnu osnovicu za obračun"
"p-3_5109","P-3","5109","Obveza doprinosa za zdravstveno osiguranje na minimalnu osnovicu"
"p-3_5110","P-3","5110","Obveza mirovinskog osiguranja u određenim okolnostima i zdravstvenog osiguranja zaštite zdravlja na radu za slučaj ozljede na radu i profesionalne bolesti na minimalnu osnovicu za obračun doprinosa"
"p-3_5111","P-3","5111","Obveze doprinosa za mirovinsko osiguranje na temelju individualne kapitalizirane štednje za osiguranika - osobu s invaliditetom kojoj se staž mirovinskog osiguranja računa s povečanim trajanjem"
"p-3_5112","P-3","5112","Obveze doprinosa za osiguranike bračne drugove profesionalnog odnosno ugovornog diplomata i članove obitelji profesionalnog odnosno ugovornog diplomata"
"p-3_5113","P-3","5113","Obveze doprinosa za osiguranike po osnovi standardnog udomitelja"
"p-3_5114","P-3","5114","Obveze doprinosa za osiguranike po osnovi specijaliziranog udomitelja za djecu"
"p-3_5701","P-3","5701","Obveze po osnovi stručnog osposobljavanja za rad bez zasnivanja radnog odnosa za mjesec dana rada"
"p-3_5702","P-3","5702","Obveze po osnovi stručnog osposobljavanja za rad bez zasnivanja radnog odnosa za mjesec dana rada - osobi koja se prvi put zapošljava - prema Zakonu o doprinosima"
"p-3_5703","P-3","5703","Obveze po osnovi stručnog osposobljavanja za rad bez zasnivanja radnog odnosa za mjesec dana rada – osobi koja se prvi put zapošljava – prema prema posebnom propisu kojim se uređuje tržište rada"
"p-3_5721","P-3","5721","Naplaćena kamata za doprinose za mirovinsko osiguranje na temelju individualne kapitalizirane štednje zbog nepravovremene uplate dospjele obveze"
"p-3_5801","P-3","5801","Obveza doprinosa prema propisanoj osnovici za obračun doprinosa"
"p-3_5802","P-3","5802","Obveza doprinosa prema izabranoj višoj osnovici za obračun doprinosa (koeficijent 1)"
"p-3_5803","P-3","5803","Obveza doprinosa prema izabranoj višoj osnovici za obračun doprinosa (koeficijent 2)"
"p-3_5804","P-3","5804","Obveza doprinosa prema izabranoj višoj osnovici za obračun doprinosa (koeficijent 3)"
"p-3_5805","P-3","5805","Obveza doprinosa prema izabranoj višoj osnovici za obračun doprinosa (koeficijent 4)"
"p-3_5806","P-3","5806","Obveza doprinosa prema izabranoj višoj osnovici za obračun doprinosa (koeficijent 5)"
"p-3_5807","P-3","5807","Obveza doprinosa prema izabranoj višoj osnovici za obračun doprinosa (koeficijent 7)"
"p-4_00","P-4","0","Nema neoporezivog primitka"
"p-4_01","P-4","01","Primici od kamata po obveznicama koji su obračunati nakon 1. siječnja 2016. i primici po osnovi ugovora životnog osiguranja"
"p-4_02","P-4","02","Primici po osnovi kapitalnih dobitaka od otuđenja financijske imovine ako to nije djelatnost poreznog obveznika koje ne podliježu oporezivanju sukladno odredbi članka 67. stavka 8. Zakona o porezu na dohodak i primici po osnovi otkupa udjela u Fondu hrvatskih branitelja iz domovinskog rata i članova njihovih obitelji"
"p-4_03","P-4","03","Novčani dodaci uz mirovinu koje umirovljenicima isplaćuju jedinice lokalne i područne (regionalne) samouprave, na temelju svojih općih akata i za koje su sredstva planirana u proračunima tih jedinica, te jednokratni novčani dodaci koji se isplaćuju uz mirovine na temelju Odluke Vlade Republike Hrvatske ili na temelju posebnog propisa"
"p-4_04","P-4","04","Obiteljske mirovine i invalidnine koje djeca ostvaruju nakon smrti roditelja prema zakonu kojim se uređuje mirovinsko osiguranje i zakonu kojim se uređuju prava hrvatskih branitelja iz Domovinskog rata i članova njihovih obitelji"
"p-4_05","P-4","05","Nagrade iz članka 9 stavka 1 točke 6 Zakona o porezu na dohodak"
"p-4_06","P-4","06","Primici koje fizičke osobe ostvaruju po osnovi darovanja pravnih osoba, a za zdravstvene potrebe (čl 9 st 1 t 7 Zakona o porezu na dohodak)"
"p-4_07","P-4","07","Socijalne potpore (čl 9 st 2 t 21 podt 212 Zakona o porezu na dohodak)"
"p-4_08","P-4","08","Doplatak za djecu i novčani primici za opremu novorođenog djeteta i primici po osnovi potpora za novorođenče, odnosno potpora za opremu novorođenog djeteta koje isplaćuju ili daju jedinice lokalne i područne (regionalne) samouprave, na temelju svojih općih akata i za koje su sredstva planirana u proračunima tih jedinica (čl 9 st 2 t 21 podt 213 Zakona o porezu na dohodak)"
"p-4_09","P-4","09","Potpore zbog zbrinjavanja ratnih invalida i članova obitelji smrtno stradalih, zatočenih ili nestalih hrvatskih branitelja iz Domovinskog rata (čl 9 st 2 t 21 podt 211 Zakona o porezu na dohodak), te primici osoba s invaliditetom, osim plaća i mirovina (čl 9 st 2 t 21 podt 214 Zakona o porezu na dohodak)"
"p-4_10","P-4","10","Potpore koje djeci u slučaju smrti roditelja isplaćuju ili daju jedinice lokalne i područne (regionalne) samouprave na temelju svojih općih akata te pravne i fizičke osobe (čl 9 st 2 t 28 Zakona o porezu na dohodak)"
"p-4_11","P-4","11","Naknada razlike plaće za vrijeme vojne službe u Oružanim snagama Republike Hrvatske, naknada plaće pripadnicima civilne zaštite i drugim osobama za djelatnost u okviru civilne zaštite i zaštite od elementarnih nepogoda, te naknade i nagrade koje osužene osobe primaju za rad u kazneno-popravnim ustanovama i domovima za preodgoj (čl 10 t 1, 2 i 8 Zakona o porezu na dohodak)"
"p-4_12","P-4","12","Naknada plaće za vrijeme privremene nezaposlenosti i spriječenosti za rad isplaćena na teret sredstava obveznih osiguranja (čl 10 t 3 Zakona o porezu na dohodak)"
"p-4_13","P-4","13","Nagrade učenicima za vrijeme praktičnog rada i naukovanja te naknade učenicima za vrijeme dualnog obrazovanja, do propisanog iznosa"
"p-4_14","P-4","14","Nagrade učenicima i studentima osvojene na natjecanjima u okviru obrazovnog sustava i organiziranim školskim i sveučilišnim natjecanjima (čl 10 t 5 Zakona o porezu na dohodak)"
"p-4_15","P-4","15","Primici učenika i studenata na redovnom školovanju za rad preko učeničkih i studentskih udruga, po posebnim propisima, do propisanog iznosa (čl 10 t 6 Zakona o porezu na dohodak)"
"p-4_16","P-4","16","Naknade štete zbog posljedica nesreće na radu prema odluci suda ili nagodbi u tijeku sudskog postupka, ako je naknada određena u jednokratnom iznosu i zatezne kamate isplaćene temeljem plaće ili mirovine po sudskoj presudi"
"p-4_17","P-4","17","Dnevnice za službena putovanja i naknade za korištenje privatnog automobila u službene svrhe, do propisanog iznosa isplaćene po osnovi službenih putovanja"
"p-4_18","P-4","18","Naknade za korištenje privatnog automobila u službene svrhe, do propisanog iznosa"
"p-4_19","P-4","19","Naknade troškova prijevoza na posao i s posla mjesnim i međumjesnim javnim prijevozom "
"p-4_20","P-4","20","Potpore zbog invalidnosti radnika do propisanog iznosa, potpore za slučaj smrti radnika, potpore u slučaju smrti člana uže obitelji radnika, do propisanog iznosa, potpore zbog neprekidnog bolovanja radnika dužeg od 90 dana, do propisanog iznosa"
"p-4_21","P-4","21","Dar djetetu do 15 godina starosti, do propisanog iznosa i potpore za novorođenče, do propisanog iznosa (čl 10 t 9 Zakona o porezu na dohodak i čl 13 st 2 t 10 i 22 Pravilnika o porezu na dohodak)"
"p-4_22","P-4","22","Prigodne nagrade, do propisanog iznosa (božićnica, naknada za godišnji odmor i sl.) za tekuće porezno razdoblje"
"p-4_23","P-4","23","Dnevnica za rad na terenu, do propisanog iznosa "
"p-4_24","P-4","24","Pomorski dodatak, do propisanog iznosa"
"p-4_25","P-4","25","Naknade za odvojeni život od obitelji, do propisanog iznosa"
"p-4_26","P-4","26","Otpremnine, do propisanog iznosa"
"p-4_27","P-4","27","Naknade za službena putovanja po osnovi prijevoza i noćenja iz članka 13. stavka 2. točke 1. i 2. Pravilnika o porezu na dohodak koje isplaćuju neprofitne organizacije, fizičkim osobama koje za te organizacije obavljaju poslove iz njihovog djelokruga odnosno za njihove potrebe i uz naknadu, a pod uvjetom da računi o obavljenim uslugama glase na isplatitelja â neprofitnu organizaciju (čl. 10. t. 11. Zakona o porezu na dohodak i čl. 7. st. 6. Pravilnika o porezu na dohodak)"
"p-4_28","P-4","28","Stipendije i potpora djetetu za školovanje do 15. godine života odnosno do završetka osnovnoškolskog obrazovanja, ukupno do propisanog iznosa"
"p-4_29","P-4","29","Nagrade za sportska ostvarenja i naknade sportašima amaterima prema posebnim propisima, do propisanih iznosa"
"p-4_30","P-4","30","Pomoći i potpore koje neprofitne organizacije isplaćuju svim svojim članovima pod istim uvjetima iz sredstava prikupljenih članarinama koja nisu ostvarena obavljanjem djelatnosti koja podliježe obvezi plaćanja poreza na dobit, a temeljem statuta i odluka nadležnih tijela neprofitnih organizacija, uz uvjet da se za isplaćene primitke ne traži niti ne daje protučinidba odnosno da se ne radi o primicima iz članka 5. Zakona o porezu na dohodak"
"p-4_31","P-4","31","Primici koji se kao bespovratna sredstva isplaćuju iz fondova i programa Europske unije putem tijela akreditiranih u skladu s pravilima Europske komisije u Republici Hrvatskoj za provedbu aktivnosti mobilnosti u okviru programa i fondova Europske unije, a u svrhe obrazovanja i stručnog usavršavanja"
"p-4_32","P-4","32","Primici koje isplaćuje Hrvatski zavod za mirovinsko osiguranje, a koji se ne smatraju primicima od nesamostalnog rada"
"p-4_33","P-4","33","Primici po osnovi dividendi i udjela u dobiti ostvareni u okviru ESOP programa (čl 30 st 12 Zakona o porezu na dohodak)"
"p-4_34","P-4","34","Primici po osnovi dividendi i udjela u dobiti iskorišteni za uvećanje temeljnog kapitala društva"
"p-4_35","P-4","35","Obiteljske mirovine odnosno novčane naknade u visini obiteljske mirovine ostvarene prema Zakonu o pravima hrvatskih branitelja iz Domovinskog rata i članova njihovih obitelji"
"p-4_36","P-4","36","Primici na koje je sukladno ugovoru o izbjegavanju dvostrukog oporezivanja predujam poreza na dohodak plaćen u inozemstvu, a za koje se sukladno članku 2 stavku 4"
"p-4_37","P-4","37","Primici koji bi bili oporezivi porezom na dohodak da ugovorima o izbjegavanju dvostrukog oporezivanja nije uređeno drukčije, u slučaju kada Republika Hrvatska sukladno ugovoru nema pravo oporezivanja"
"p-4_38","P-4","38","Primici fizičkih osoba po osnovi izravnih plaćanja u poljoprivredi sukladno posebnim propisima po osnovi kojih se ne utvrđuje dohodak od samostalne djelatnosti"
"p-4_39","P-4","39","Troškovi prijevoza (trošak cestarine i prijevoznih karata) i troškovi noćenja na službenom putovanju u visini stvarnih izdataka, prema konačnom obračunu putnih naloga"
"p-4_40","P-4","40","Povrat isplaćene naknade plaće za vrijeme spriječenosti za rad isplaćena na teret sredstava obveznih osiguranja kojega vrši nositelj osiguranja isplatitelju naknade"
"p-4_41","P-4","41","Ostale nenavedene naknade plaća koje se isplaćuju na teret državnog proračuna ili na teret sredstava obveznog osiguranja"
"p-4_42","P-4","42","Primici po osnovi dividendi i udjela u dobiti koji ne podliježu oporezivanju"
"p-4_43","P-4","43","Primici po osnovi drugog dohotka na koje je sukladno ugovoru o izbjegavanju dvostrukog oporezivanja predujam poreza na dohodak plaćen u inozemstvu, a za koje se sukladno članku 2. stavku 4. Pravilnika o porezu na dohodak ne plaćaju predujmovi poreza na dohodak u tuzemstvu, te je porezni obveznik obvezan podnijeti godišnju poreznu prijavu"
"p-4_44","P-4","44","Primici po osnovi drugog dohotka koji bi bili oporezivi porezom na dohodak da ugovorima o izbjegavanju dvostrukog oporezivanja nije uređeno drukčije, u slučaju kada Republika Hrvatska sukladno ugovoru izuzima te primitke od oporezivanja"
"p-4_45","P-4","45","Primici po osnovi drugog dohotka koji se isplaćuju nerezidentima Republike Hrvatske - članovima uprave odnosno članovima drugih odgovarajućim upravljačkih tijela društva te izvršnim direktorima a koji bi bili oporezivi porezom na dohodak da ugovorima o izbjegavanju dvostrukog oporezivanja nije uređeno drukčije, u slučaju kada Republika Hrvatska sukladno ugovoru izuzima te primitke od oporezivanja"
"p-4_46","P-4","46","Primici po osnovi dohotka od kapitala koji bi bili oporezivi porezom na dohodak da ugovorima o izbjegavanju dvostrukog oporezivanja nije uređeno drukčije, u slučaju kada Republika Hrvatska sukladno ugovoru izuzima te primitke od oporezivanja"
"p-4_47","P-4","47","Primici po osnovi dohotka od kapitala na koje je sukladno ugovoru o izbjegavanju dvostrukog oporezivanja predujam poreza na dohodak plaćen u inozemstvu, a za koje se sukladno članku 2. stavku 4. Pravilnika o porezu na dohodak ne plaćaju predujmovi poreza na dohodak u tuzemstvu, te je porezni obveznik obvezan podnijeti godišnju poreznu prijavu"
"p-4_48","P-4","48","Primici po osnovi dohotka od osiguranja na koje je sukladno ugovoru o izbjegavanju dvostrukog oporezivanja predujam poreza na dohodak plaćen u inozemstvu, a za koje se sukladno članku 2. stavku 4. Pravilnika o porezu na dohodak ne plaćaju predujmovi poreza na dohodak u tuzemstvu, te je porezni obveznik obvezan podnijeti godišnju poreznu prijavu"
"p-4_49","P-4","49","Primici po osnovi dohotka od osiguranja koji bi bili oporezivi porezom na dohodak da ugovorima o izbjegavanju dvostrukog oporezivanja nije uređeno drukčije, u slučaju kada Republika Hrvatska sukladno ugovoru izuzima te primitke od oporezivanja"
"p-4_50","P-4","50","Primici po osnovi dohotka od imovinskih prava na koje je sukladno ugovoru o izbjegavanju dvostrukog oporezivanja predujam poreza na dohodak plaćen u inozemstvu, a za koje se sukladno članku 2. stavku 4. Pravilnika o porezu na dohodak ne plaćaju predujmovi poreza na dohodak u tuzemstvu, te je porezni obveznik obvezan podnijeti godišnju poreznu prijavu"
"p-4_51","P-4","51","Primici po osnovi dohotka od imovinskih prava koji bi bili oporezivi porezom na dohodak da ugovorima o izbjegavanju dvostrukog oporezivanja nije uređeno drukčije, u slučaju kada Republika Hrvatska sukladno ugovoru izuzima te primitke od oporezivanja"
"p-4_52","P-4","52","Dnevnice za službena putovanja i naknade za korištenje privatnog automobila u službene svrhe, do propisanog iznosa isplaćene po osnovi službenih putovanja fizičkim osobama koje u neprofitnim organizacijama ne ostvaruju primitke po osnovi nesamostalnog rada odnosno primitke od kojih se utvrđuje drugi dohodak"
"p-4_53","P-4","53","Troškovi prijevoza (trošak cestarine i prijevoznih karata) i troškovi nočenja na službenom putovanju u visini stvarnih izdataka prema konačnom obračunu putnih naloga koje isplaćuju/podmiruju neprofitne organizacije osobama koje u tim organizacijama ne ostvaruju primitke po osnovi nesamostalnog rada iz članka 14. Zakona o porezu na dohodak odnosno primitke od kojih se utvrđuje drugi dohodak iz članka 32. Zakona o porezu na dohodak"
"p-4_54","P-4","54","Novčana pomoć polaznicima stručnog osposobljavanja za rad bez zasnivanja radnog odnosa"
"p-4_56","P-4","56","Sportske stipendije, do propisanog iznosa"
"p-4_57","P-4","57","Primici po osnovi mirovina koje HZMO isplaćuju nerezidentima Republike Hrvatske, a koji bi bili oporezivi porezom na dohodak da ugovorima o izbjegavanju dvostrukog oporezivanja nije uređeno drukčije"
"p-4_58","P-4","58","Primici koji se smatraju neoporezivim primicima / primicima prema kojima se ne utvrđuju doprinosi prema posebnim propisima"
"p-4_59","P-4","59","Obračunani porez na dohodak koji se iskazuje kod naknadne isplate plaće / ostalog primitka uz plaću"
"p-4_60","P-4","60","Nagrade radnicima za navršene godine staža, do propisanih iznosa"
"p-4_61","P-4","61","Prigodne nagrade, do propisanog iznosa (božićnica, naknada za godišnji odmor i sl.) za prethodna porezna razdoblja (naknadne isplate)"
"p-4_62","P-4","62","Trošak prehrane i smještaja sezonskih radnika iz članka 7. stavka 35. Pravilnika o porezu na dohodak"
"p-4_63","P-4","63","Novčane nagrade za radne rezultate i drugi oblici dodatnog nagrađivanja radnika (dodatna plaća, dodatak uz mjesečnu plaću i sl.)"
"p-4_64","P-4","64","Troškovi smještaja i prehrane osoba koje obavljaju privremene odnosno povremene sezonske poslove u poljoprivredi članka 6. stavka 10. Pravilnika o porezu na dohodak"
"p-4_65","P-4","65","Novčane paušalne naknade za podmirivanje troškova prehrane radnika do propisanog iznosa"
"p-4_66","P-4","66","Troškovi prehrane radnika nastali za vrijeme radnog odnosa kod poslodavaca na temelju vjerodostojne dokumentacije do propisanog iznosa"
"p-4_67","P-4","67","Troškovi smještaja radnika nastali za vrijeme radnog odnosa kod poslodavca na temelju vjerodostojne dokumentacije koji se podmiruju bezgotovinskim putem"
"p-4_68","P-4","68","Troškovi smještaja radnika nastali za vrijeme radnog odnosa kod poslodavca na temelju vjerodostojne dokumentacije koji se podmiruju na račun radnika"
"p-4_69","P-4","69","Naknade za podmirivanje troškova ugostiteljskih, turističkih i drugih usluga namijenjenih odmoru radnika prema propisima ministarstva nadležnog za turizam"
"p-4_70","P-4","70","Naknade za troškove redovne skrbi djece radnika u ustanovama predškolskog odgoja te drugim pravnim ili fizičkim osobama koje temeljem posebnih propisa i odluka nadležnog tijela skrbe o djetetu predškolske dobi"
"p-4_71","P-4","71","Premije dodatnog i dopunskog zdravstvenog osiguranja koje poslodavac uplaćuje u korist svojeg radnika do propisanog iznosa"
"p-4_72","P-4","72","Nacionalna naknada za starije osobe prema posebnim propisima"
"p-4_73","P-4","73","Novčane paušalne naknade za podmirivanje troškova radnika za rad na izdvojenom mjestu rada sukladno propisu koji uređuje radne odnose"
"p-5_0","P-5","0","Nema isplate"
"p-5_1","P-5","1","Isplata na tekući račun"
"p-5_2","P-5","2","Isplata na žiro račun"
"p-5_3","P-5","3","Ostale bezgotovinske isplate na račune sukladno posebnim propisima"
"p-5_4","P-5","4","Isplata u gotovini"
"p-5_5","P-5","5","Davanje u naravi"
"p-5_6","P-5","6","Naplata primitka u ovršnom postupku"
"p-5_7","P-5","7","Isplate putem obračunskih plaćanja"
"p-6_0","P-6","0","Nema obaveze obračuna dodatnog doprinosa za mirovinsko osiguranje za staž s povećanim trajanjem"
"p-6_1","P-6","1","Za ostvarenih 12 mjeseci staža prizna se 14 mjeseci"
"p-6_2","P-6","2","Za ostvarenih 12 mjeseci staža prizna se 15 mjeseci"
"p-6_3","P-6","3","Za ostvarenih 12 mjeseci staža prizna se 16 mjeseci"
"p-6_4","P-6","4","Za ostvarenih 12 mjeseci staža prizna se 18 mjeseci"
"p-8_0","P-8","0","Po osnovi isplaćenog primitka/obračunane naknade ili osnovice za obračun doprinosa ne postoji obveza prethodnog obveznog mirovinskog osiguranja ili utvrđivanja prava po toj osnovi (npr. isplata drugog dohotka i slično)"
"p-8_1","P-8","1","Ukoliko je to prvi mjesec obveznog mirovinskog osiguranja/korištenja prava iz mirovinskog osiguranja prema osnovi za koju je izvršen obračun (npr. radniku se obračunava plaća za prvi mjesec rada za poslodavca- obveznika podnošenja)"
"p-8_2","P-8","2","Ukoliko je to zadnji mjesec obveznog mirovinskog osiguranja/korištenja prava iz mirovinskog osiguranja prema osnovi za koju je izvršen obračun (npr. radniku se obračunava plaća za zadnji mjesec rada za poslodavca- obveznika podnošenja – radnik je dobio otkaz ili ide u mirovinu i sl.)"
"p-8_3","P-8","3","Ukoliko su to ostali mjeseci unutar obveznog mirovinskog osiguranja/korištenja prava iz mirovinskog osiguranja prema osnovi za koju je izvršen obračun (npr. radniku se obračunava plaća za ostale mjesece rada za poslodavca- obveznika podnošenja – najčešći slučaj)"
"p-8_4","P-8","4","Ukoliko obvezno mirovinsko osiguranje/korištenje prava iz mirovinskog osiguranja prema osnovi za koju je izvršen obračun počinje i završava unutar jednog (izvještajnog) mjeseca (radnik je počeo raditi i dobio otkaz unutar istog mjeseca ili je bolovanje na teret Zavoda počelo i završilo unutar jednog mjeseca)"
"p-8_5","P-8","5","Ukoliko je obveza doprinosa nastala nakon prestanka obveznog mirovinskog osiguranja i ne odnosi se na određeni mjesec proveden u tom osiguranju (npr isplata prema sudskim presudama ili isplata otpremnine kada je radnik već počeo koristiti pravo na mirovinu ili radi za drugog poslodavca)"
"p-9_0","P-9","0","Ne postoji radno vrijeme (npr. isplata neoporezivog primitka ili drugog dohotka)"
"p-9_1","P-9","1","Osiguranik prijavljen na puno radno vrijeme"
"p-9_2","P-9","2","Osiguranik prijavljen na nepuno radno vrijeme"
"p-9_3","P-9","3","Osobe koje rade s polovicom punog radnog vremena radi njege djeteta s teškoćama u razvoju"
