"id","code","parent_id/id","name","note","skip_hours","company_id/id"
"l10n_hr_payroll_base.BASIC","BASIC","","Bruto plaća","","False","base.main_company"
"l10n_hr_payroll_base.ALW","ALW","","Predujam","","False","base.main_company"
"l10n_hr_payroll_base.GROSS","GROSS","","Bruto plaća","","False","base.main_company"
"l10n_hr_payroll_base.DED","DED","","Odbitak","","False","base.main_company"
"l10n_hr_payroll_base.NET","NET","","Neto plaća","","False","base.main_company"
"l10n_hr_payroll_base.COMP","COMP","","Doprinosi poduzeću","","False","base.main_company"
"hr_salary_rule_category_7","DOP","","Doprinosi","","False","base.main_company"
"hr_salary_rule_category_8","DMIO","hr_salary_rule_category_7","Doprinosi MIO","","False","base.main_company"
"hr_salary_rule_category_9","DOH","","Dohodak","","False","base.main_company"
"hr_salary_rule_category_10","OOD","","Osobni odbitak","","False","base.main_company"
"hr_salary_rule_category_11","PDOH","","Porez na dohodak","","False","base.main_company"
"hr_salary_rule_category_12","PORKAP1","hr_salary_rule_category_11","Porez na dohodak od kapitala - 1. razred","","False","base.main_company"
"hr_salary_rule_category_13","POROSN","","Porezna osnovica","","False","base.main_company"
"hr_salary_rule_category_14","POR25","hr_salary_rule_category_11","Porez na dohodak 25%","","False","base.main_company"
"hr_salary_rule_category_15","POR40","hr_salary_rule_category_11","Porez na dohodak 40%","","False","base.main_company"
"hr_salary_rule_category_16","POSN12","","Porezna osnovica 12%","","False","base.main_company"
"hr_salary_rule_category_17","POSN25","","Porezna osnovica 25%","","False","base.main_company"
"hr_salary_rule_category_18","POSN40","","Porezna osnovica 40%","","False","base.main_company"
"hr_salary_rule_category_28","EBRT","","Elementi bruto plaće","","False","base.main_company"
"hr_salary_rule_category_20","RR","hr_salary_rule_category_28","Sati rada","","False","base.main_company"
"hr_salary_rule_category_21","GO","hr_salary_rule_category_28","Godišnji odmor","","False","base.main_company"
"hr_salary_rule_category_22","BO","hr_salary_rule_category_28","Bolovanje","","False","base.main_company"
"hr_salary_rule_category_23","DOPN","","Doprinosi na plaću","","False","base.main_company"
"hr_salary_rule_category_25","OSNOVICE","","Osnovice","","False","base.main_company"
"hr_salary_rule_category_26","RDINO","","Radni dani u inozemstvu","","False","base.main_company"
"hr_salary_rule_category_27","UOZOI","","Osnovica za obračun dopr.zdravstvenog osiguranja u inozemstvu","","False","base.main_company"
"hr_salary_rule_category_29","DODB","hr_salary_rule_category_28","Dodaci/odbici na bruto","","False","base.main_company"
"hr_salary_rule_category_31","PRR","hr_salary_rule_category_28","Prekovremeni rad ( radni dan )","","False","base.main_company"
"hr_salary_rule_category_33","ISPL","","Isplata","","False","base.main_company"
"hr_salary_rule_category_34","IOOD","","Iskorišten osobni odbitak","","False","base.main_company"
"hr_salary_rule_category_36","ND","hr_salary_rule_category_28","Neradni dani","","False","base.main_company"
"hr_salary_rule_category_37","PRN","hr_salary_rule_category_28","Prekovremeni rad ( nedjelja )","","False","base.main_company"
"hr_salary_rule_category_38","PRP","hr_salary_rule_category_28","Prekovremeni rad ( praznik )","","False","base.main_company"
"hr_salary_rule_category_39","NOC","hr_salary_rule_category_28","Noćni rad","","True","base.main_company"
"hr_salary_rule_category_40","BOF50","l10n_hr_payroll_base.NET","Bolovanje - Fond 50%","","False","base.main_company"
"hr_salary_rule_category_41","ONR","hr_salary_rule_category_28","Ozljeda na radu","","False","base.main_company"
"hr_salary_rule_category_42","BOF70","l10n_hr_payroll_base.NET","Bolovanje - Fond 70%","","False","base.main_company"
"hr_salary_rule_category_43","BOF80","l10n_hr_payroll_base.NET","Bolovanje - Fond 80%","","False","base.main_company"
"hr_salary_rule_category_44","ONRF","l10n_hr_payroll_base.NET","Ozljeda na radu - Fond","","False","base.main_company"
"hr_salary_rule_category_45","PD","hr_salary_rule_category_28","Plaćeni dopust","","False","base.main_company"
"hr_salary_rule_category_46","PDT","hr_salary_rule_category_28","Porodiljni dopust","","False","base.main_company"
"hr_salary_rule_category_47","PDTK","hr_salary_rule_category_28","Komplikacije u trudnoći","","False","base.main_company"
"hr_salary_rule_category_48","OBS","","Obustave","","False","base.main_company"
"hr_salary_rule_category_49","BLG","hr_salary_rule_category_28","Blagdan","","False","base.main_company"
"hr_salary_rule_category_50","ODN","","Odbici na neto","","False","base.main_company"
"hr_salary_rule_category_51","DOPPU","","Doprinos na plaću ukupno","","False","base.main_company"
"hr_salary_rule_category_52","UKTRP","","Ukupan trošak plaće","","False","base.main_company"
"hr_salary_rule_category_53","DOPMIOB","hr_salary_rule_category_23","Doprinosi za beneficirani radni staž","","False","base.main_company"
"hr_salary_rule_category_54","IZS","","Izaslani rad","","False","base.main_company"
"hr_salary_rule_category_55","NPIZN","l10n_hr_payroll_base.NET","Neoporezivi iznos","","False","base.main_company"
"hr_salary_rule_category_56","TERT","hr_salary_rule_category_28","Terenski rad tuzemstvo","","False","base.main_company"
"hr_salary_rule_category_57","TERI","hr_salary_rule_category_28","Terenski rad inozemstvo","","False","base.main_company"
"hr_salary_rule_category_58","OST","","Ostala pravila","","True","base.main_company"
"hr_salary_rule_category_59","POSN1","","Porezna osnovica - 1. razred","","False","base.main_company"
"hr_salary_rule_category_60","POSN2","","Porezna osnovica - 2. razred","","False","base.main_company"
"hr_salary_rule_category_61","POR1","hr_salary_rule_category_11","Porez na dohodak - 1. razred","","False","base.main_company"
"hr_salary_rule_category_62","POR2","hr_salary_rule_category_11","Porez na dohodak - 2. razred","","False","base.main_company"
"hr_salary_rule_category_63","BOF100","l10n_hr_payroll_base.NET","Bolovanje - Fond 100%","","False","base.main_company"
"hr_salary_rule_category_64","BO100","hr_salary_rule_category_28","Bolovanje 100%","","False","base.main_company"
"hr_salary_rule_category_65","DMIOM","hr_salary_rule_category_7","Doprinosi MIO dodatak","","False","base.main_company"
"hr_salary_rule_category_66","DOHM","","Dohodak dodatak","","False","base.main_company"
"hr_salary_rule_category_67","NETM","","Neto plaća dodatak","","False","base.main_company"
"hr_salary_rule_category_68","BASICM","","Bruto plaća dodatak","","False","base.main_company"
"hr_salary_rule_category_69","PDOHM","","Porez na dohodak dodatak","","False","base.main_company"
"hr_salary_rule_category_70","DMIOU","","Doprinosi MIO ukupno","","False","base.main_company"
"hr_salary_rule_category_71","IR","hr_salary_rule_category_28","Izostanak radnika","","False","base.main_company"
"hr_salary_rule_category_72","GON","hr_salary_rule_category_28","Neiskorišteni godišnji","","False","base.main_company"
"hr_salary_rule_category_73","DODN","l10n_hr_payroll_base.NET","Dodaci na neto","","False","base.main_company"
"hr_salary_rule_category_74","NjDF70","l10n_hr_payroll_base.NET","Njega djeteta - Fond 70%","","False","base.main_company"
"hr_salary_rule_category_75","NjDF100","l10n_hr_payroll_base.NET","Njega djeteta - Fond 100%","","False","base.main_company"
"hr_salary_rule_category_76","SLP","hr_salary_rule_category_28","Službeni put","","False","base.main_company"
"hr_salary_rule_category_77","DRN","hr_salary_rule_category_28","Dodatak za rad nedjeljom","","True","base.main_company"
"hr_salary_rule_category_78","DRP","hr_salary_rule_category_28","Dodatak za rad praznikom","","True","base.main_company"
"hr_salary_rule_category_79","DRDOH","hr_salary_rule_category_29","Drugi dohodak","","False","base.main_company"
"hr_salary_rule_category_80","OSNDOP","","Osnovica za doprinose","","False","base.main_company"
"hr_salary_rule_category_81","BDI","","Bruto dodatak za izaslanje","","False","base.main_company"
"hr_salary_rule_category_82","NETOINO","l10n_hr_payroll_base.NET","Neto plaća u inozemstvu","","False","base.main_company"
"hr_salary_rule_category_83","PDOHINO","hr_salary_rule_category_11","Porez u inozemstvu","","False","base.main_company"
"hr_salary_rule_category_84","SDINO","","Solidarni dodatak u inozemstvu","","False","base.main_company"
"hr_salary_rule_category_85","RDT","hr_salary_rule_category_28","Roditeljski dopust","","False","base.main_company"
"hr_salary_rule_category_86","SMJRAD","hr_salary_rule_category_28","Smjenski rad","","True","base.main_company"
"hr_salary_rule_category_87","PDOHU","","Umanjenje poreza na dohodak","","False","base.main_company"
"hr_salary_rule_category_88","IZO","hr_salary_rule_category_28","Izolacija","","False","base.main_company"
"hr_salary_rule_category_89","PPT","","Paušalno priznati trošak","","False","base.main_company"
"hr_salary_rule_category_90","NDOP","hr_salary_rule_category_28","Neplaćeni dopust","","False","base.main_company"
"hr_salary_rule_category_91","RBP","hr_salary_rule_category_28","Rad blagdanom i praznikom","","False","base.main_company"
"hr_salary_rule_category_92","RNOC","hr_salary_rule_category_28","Rad noću","","False","base.main_company"
"hr_salary_rule_category_93","OPDOHHRVI","","Olakšica poreza na dohodak za HRVI","","False","base.main_company"
"hr_salary_rule_category_94","ODT","hr_salary_rule_category_28","Očinski dopust","","False","base.main_company"
"hr_salary_rule_category_95","DODNBI","","Neto dodaci bez isplate","","False","base.main_company"
"hr_salary_rule_category_96","NDOPSKRB","hr_salary_rule_category_28","Neplaćeni dopust za pružanje osobne skrbi","","False","base.main_company"
"hr_salary_rule_category_97","GONPR","hr_salary_rule_category_28","Neiskorišteni godišnji za prethodnu godinu","","False","base.main_company"
"hr_salary_rule_category_98","UMOSNDOP","","Umanjenje osnovice za doprinose","","False","base.main_company"
"hr_salary_rule_category_99","OSNDOPUM","","Osnovica za doprinose - umanjena","","False","base.main_company"
"hr_salary_rule_category_100","OSNUMOSNDOP","","Osnovica za izračun umanjenja osnovice za doprinose","","False","base.main_company"
"hr_salary_rule_category_101","ODSR","hr_salary_rule_category_28","Odsutnost s rada","","False","base.main_company"
"hr_salary_rule_category_102","NDOPKAND","hr_salary_rule_category_28","Neplaćeni dopust kandidata","","False","base.main_company"
"hr_salary_rule_category_102","RNED","hr_salary_rule_category_28","Rad nedjeljom","","False","base.main_company"
